,Opportunità di carriera,Stipendio e benefit,Cultura e valori,Dirigenti senior,Equilibrio lavoro/vita privata,Sede centrale,Dimensioni,Fondata nel,Tipo,Settore,Segmento,Entrate,job_link
0,3.5,3.3,3.2,3.2,3.2,"Londra, Regno Unito",Sconosciuto,1909,Sconosciuto,Enti governativi,Istituzioni governative e pubblica amministrazione,Sconosciuto/Non applicabile,https://www.glassdoor.it/partner/jobListing.htm?pos=101&ao=1136043&s=58&guid=0000018631bc9a96b5de81e85a66ef30&src=GD_JOB_AD&t=SR&vt=w&cs=1_4c78bf95&cb=1675871690366&jobListingId=1008454495320&jrtk=3-0-1goorp6m52f3a001-1goorp6mritnc800-4400af47f1718840-
1,2.6,3.2,3.1,2.9,3.2,"Londra, Regno Unito",Da 1.001 a 5.000 dipendenti,1995,Azienda - Settore privato,Cultura e spettacolo,"Arte, intrattenimento e attività ricreative",$ 100 - $ 500 milioni (USD),https://www.glassdoor.it/partner/jobListing.htm?pos=102&ao=1136043&s=58&guid=0000018631bc9a96b5de81e85a66ef30&src=GD_JOB_AD&t=SR&vt=w&ea=1&cs=1_b4d44f6b&cb=1675871690366&jobListingId=1008437630428&jrtk=3-0-1goorp6m52f3a001-1goorp6mritnc800-3518e8f62f399b6c-
2,3.3,3.6,3.1,3.0,2.8,"Karlsruhe, Germania",Oltre 10.000 dipendenti,1973,Azienda - Settore privato,Negozi di alimentari,Vendita al dettaglio e all''ingrosso,Più di $ 10 miliardi (USD),https://www.glassdoor.it/partner/jobListing.htm?pos=105&ao=1136043&s=58&guid=0000018631bc9a96b5de81e85a66ef30&src=GD_JOB_AD&t=SR&vt=w&cs=1_5bd99ae5&cb=1675871690366&jobListingId=1008447842302&jrtk=3-0-1goorp6m52f3a001-1goorp6mritnc800-bc55c0b220a49cff-
3,2.7,2.5,2.7,2.6,3.1,"Swindon, Regno Unito",Oltre 10.000 dipendenti,1792,Azienda quotata in borsa,Negozi di media e intrattenimento,Vendita al dettaglio e all''ingrosso,$ 100 - $ 500 milioni (USD),https://www.glassdoor.it/partner/jobListing.htm?pos=106&ao=1136043&s=58&guid=0000018631bc9a96b5de81e85a66ef30&src=GD_JOB_AD&t=SR&vt=w&cs=1_83cbf210&cb=1675871690366&jobListingId=1008406789899&jrtk=3-0-1goorp6m52f3a001-1goorp6mritnc800-0fa6a5942a4d0c54-
4,3.1,2.9,3.5,3.3,3.6,"New Albany, Stati Uniti d'America",Da 5.001 a 10.000 dipendenti,,Controllata o segmento aziendale,Produzione di beni di consumo,Manifattura,$ 25 - $ 100 milioni (USD),https://www.glassdoor.it/partner/jobListing.htm?pos=108&ao=1136043&s=58&guid=0000018631bc9a96b5de81e85a66ef30&src=GD_JOB_AD&t=SR&vt=w&cs=1_74238def&cb=1675871690366&jobListingId=1008450904747&jrtk=3-0-1goorp6m52f3a001-1goorp6mritnc800-cfd10be276234f82-
5,4.0,3.8,4.0,3.6,3.6,"New York, Stati Uniti d'America",Oltre 10.000 dipendenti,1799,Azienda quotata in borsa,Banche e istituti di credito,Finanza,Più di $ 10 miliardi (USD),https://www.glassdoor.it/partner/jobListing.htm?pos=109&ao=1136043&s=58&guid=0000018631bc9a96b5de81e85a66ef30&src=GD_JOB_AD&t=SR&vt=w&cs=1_f717cc33&cb=1675871690366&jobListingId=1008455761869&jrtk=3-0-1goorp6m52f3a001-1goorp6mritnc800-24387e71bc5a83ed-
6,3.1,2.9,3.4,3.0,3.3,"Dublino, Eire",Oltre 10.000 dipendenti,1969,Controllata o segmento aziendale,"Negozi di abbigliamento, calzature e grandi magazzini",Vendita al dettaglio e all''ingrosso,$ 1 - $ 5 miliardi (USD),https://www.glassdoor.it/partner/jobListing.htm?pos=110&ao=1136043&s=58&guid=0000018631bc9a96b5de81e85a66ef30&src=GD_JOB_AD&t=SR&vt=w&cs=1_6ae80326&cb=1675871690366&jobListingId=1008446291784&jrtk=3-0-1goorp6m52f3a001-1goorp6mritnc800-7537af1c8e97fa5c-
7,3.2,3.2,3.3,3.0,3.1,"Nottingham, Regno Unito",Oltre 10.000 dipendenti,1849,Azienda - Settore privato,Farmacie e parafarmacie,Vendita al dettaglio e all''ingrosso,Sconosciuto/Non applicabile,https://www.glassdoor.it/partner/jobListing.htm?pos=111&ao=1136043&s=58&guid=0000018631bc9a96b5de81e85a66ef30&src=GD_JOB_AD&t=SR&vt=w&cs=1_e20d387d&cb=1675871690367&jobListingId=1008456942450&jrtk=3-0-1goorp6m52f3a001-1goorp6mritnc800-e36fc9dd818d2557-
8,2.5,2.5,2.1,1.0,2.3,"Londra, Regno Unito",Da 201 a 500 dipendenti,,Ente pubblico,Enti governativi,Istituzioni governative e pubblica amministrazione,Sconosciuto/Non applicabile,https://www.glassdoor.it/partner/jobListing.htm?pos=112&ao=1136043&s=58&guid=0000018631bc9a96b5de81e85a66ef30&src=GD_JOB_AD&t=SR&vt=w&cs=1_59db9b57&cb=1675871690367&jobListingId=1008449551524&jrtk=3-0-1goorp6m52f3a001-1goorp6mritnc800-b70f66ae0d5c52bb-
9,3.1,3.0,3.0,2.8,2.8,"Londra, Regno Unito",Da 5.001 a 10.000 dipendenti,1986,Azienda - Settore privato,Ristoranti e caffè,Ristoranti e servizi alimentari,$ 5 - $ 25 milioni (USD),https://www.glassdoor.it/partner/jobListing.htm?pos=115&ao=1136043&s=58&guid=0000018631bc9a96b5de81e85a66ef30&src=GD_JOB_AD&t=SR&vt=w&cs=1_bf282d15&cb=1675871690369&jobListingId=1008454168628&jrtk=3-0-1goorp6m52f3a001-1goorp6mritnc800-61f9ac932401059d-
10,3.6,3.6,3.7,3.5,3.5,"Londra, Regno Unito",Da 1.001 a 5.000 dipendenti,1985,Azienda - Settore privato,Hotel e resort,Hotel e ospitalità,Sconosciuto/Non applicabile,https://www.glassdoor.it/partner/jobListing.htm?pos=116&ao=1136043&s=58&guid=0000018631bc9a96b5de81e85a66ef30&src=GD_JOB_AD&t=SR&vt=w&ea=1&cs=1_1c619090&cb=1675871690369&jobListingId=1008440235490&jrtk=3-0-1goorp6m52f3a001-1goorp6mritnc800-3dc5553478771e98-
11,3.9,3.9,3.9,3.7,3.8,"Mumbai, India",Da 1.001 a 5.000 dipendenti,,Azienda - Settore privato,Servizi per assistenza sanitaria e ospedali,Sanità,$ 100 - $ 500 milioni (USD),https://www.glassdoor.it/partner/jobListing.htm?pos=117&ao=1136043&s=58&guid=0000018631bc9a96b5de81e85a66ef30&src=GD_JOB_AD&t=SR&vt=w&ea=1&cs=1_d959cf6b&cb=1675871690369&jobListingId=1008409319996&jrtk=3-0-1goorp6m52f3a001-1goorp6mritnc800-3089808f6e2b511e-
12,3.2,3.5,3.5,3.2,3.4,"Londra, Regno Unito",Oltre 10.000 dipendenti,1884,Azienda quotata in borsa,"Negozi di abbigliamento, calzature e grandi magazzini",Vendita al dettaglio e all''ingrosso,Più di $ 10 miliardi (USD),https://www.glassdoor.it/partner/jobListing.htm?pos=120&ao=1136043&s=58&guid=0000018631bc9a96b5de81e85a66ef30&src=GD_JOB_AD&t=SR&vt=w&cs=1_018ce695&cb=1675871690370&jobListingId=1008433728089&jrtk=3-0-1goorp6m52f3a001-1goorp6mritnc800-dc5e266be3a5431b-
13,2.8,3.0,2.9,2.6,2.9,"Bradford, Regno Unito",Oltre 10.000 dipendenti,1899,Azienda quotata in borsa,Negozi di alimentari,Vendita al dettaglio e all''ingrosso,Più di $ 10 miliardi (USD),https://www.glassdoor.it/partner/jobListing.htm?pos=121&ao=1136043&s=58&guid=0000018631bc9a96b5de81e85a66ef30&src=GD_JOB_AD&t=SR&vt=w&ea=1&cs=1_437fa75f&cb=1675871690370&jobListingId=1008285987457&jrtk=3-0-1goorp6m52f3a001-1goorp6mritnc800-f2cd2bae56cfeb52-
14,3.0,3.0,3.1,2.8,3.1,"Leeds, Regno Unito",Oltre 10.000 dipendenti,1949,Controllata o segmento aziendale,Negozi di alimentari,Vendita al dettaglio e all''ingrosso,Più di $ 10 miliardi (USD),https://www.glassdoor.it/partner/jobListing.htm?pos=122&ao=1136043&s=58&guid=0000018631bc9a96b5de81e85a66ef30&src=GD_JOB_AD&t=SR&vt=w&cs=1_35d31882&cb=1675871690370&jobListingId=1008456739171&jrtk=3-0-1goorp6m52f3a001-1goorp6mritnc800-17ba17a4819b0831-
15,2.6,3.3,2.6,2.5,2.6,"Marlow, Regno Unito",Da 201 a 500 dipendenti,2016,Controllata o segmento aziendale,Negozi di elettronica ed elettrodomestici,Vendita al dettaglio e all''ingrosso,Sconosciuto/Non applicabile,https://www.glassdoor.it/partner/jobListing.htm?pos=123&ao=1136043&s=58&guid=0000018631bc9a96b5de81e85a66ef30&src=GD_JOB_AD&t=SR&vt=w&ea=1&cs=1_8eeabe78&cb=1675871690370&jobListingId=1008438636962&jrtk=3-0-1goorp6m52f3a001-1goorp6mritnc800-08d61eddf27cca35-
16,3.5,2.9,3.6,3.2,3.2,"Copenaghen, Regno Unito",Da 1.001 a 5.000 dipendenti,2002,Azienda - Settore privato,Ristoranti e caffè,Ristoranti e servizi alimentari,Sconosciuto/Non applicabile,https://www.glassdoor.it/partner/jobListing.htm?pos=124&ao=1136043&s=58&guid=0000018631bc9a96b5de81e85a66ef30&src=GD_JOB_AD&t=SR&vt=w&ea=1&cs=1_947e8623&cb=1675871690370&jobListingId=1008395162098&jrtk=3-0-1goorp6m52f3a001-1goorp6mritnc800-cecbb84f9e51b24a-
17,3.1,3.0,3.2,2.8,3.1,"Nuneaton, Regno Unito",Da 1.001 a 5.000 dipendenti,1870,Controllata o segmento aziendale,Altri negozi al dettaglio,Vendita al dettaglio e all''ingrosso,Sconosciuto/Non applicabile,https://www.glassdoor.it/partner/jobListing.htm?pos=125&ao=1136043&s=58&guid=0000018631bc9a96b5de81e85a66ef30&src=GD_JOB_AD&t=SR&vt=w&cs=1_1c014f9c&cb=1675871690370&jobListingId=1008457346104&jrtk=3-0-1goorp6m52f3a001-1goorp6mritnc800-cd3164eb2e2b8400-
18,4.1,4.3,4.2,4.1,4.1,"Shoreditch, Regno Unito",Sconosciuto,2022,Azienda - Settore privato,Hotel e resort,Hotel e ospitalità,Sconosciuto/Non applicabile,https://www.glassdoor.it/partner/jobListing.htm?pos=126&ao=1136043&s=58&guid=0000018631bc9a96b5de81e85a66ef30&src=GD_JOB_AD&t=SR&vt=w&ea=1&cs=1_631bb458&cb=1675871690370&jobListingId=1008447304828&jrtk=3-0-1goorp6m52f3a001-1goorp6mritnc800-bd21b6c827175faa-
19,3.7,3.9,4.1,3.6,3.8,"Beaverton, Stati Uniti d'America",Oltre 10.000 dipendenti,1972,Azienda quotata in borsa,Produzione di beni di consumo,Manifattura,Più di $ 10 miliardi (USD),https://www.glassdoor.it/partner/jobListing.htm?pos=129&ao=1136043&s=58&guid=0000018631bc9a96b5de81e85a66ef30&src=GD_JOB_AD&t=SR&vt=w&cs=1_8fb7e518&cb=1675871690370&jobListingId=1008454389224&jrtk=3-0-1goorp6m52f3a001-1goorp6mritnc800-d363668af5b2b286-
20,3.9,3.5,4.1,3.6,3.9,"Londra, Regno Unito",Oltre 10.000 dipendenti,1826,Università,Istruzione universitaria,Istruzione e formazione,$ 1 - $ 5 miliardi (USD),https://www.glassdoor.it/partner/jobListing.htm?pos=130&ao=1136043&s=58&guid=0000018631bc9a96b5de81e85a66ef30&src=GD_JOB_AD&t=SR&vt=w&cs=1_fbf65825&cb=1675871690370&jobListingId=1008450142447&jrtk=3-0-1goorp6m52f3a001-1goorp6mritnc800-6ae8403696a89c47-
21,3.5,3.4,3.7,3.4,3.8,"Parigi, Francia",Oltre 10.000 dipendenti,2000,Azienda quotata in borsa,Banche e istituti di credito,Finanza,Più di $ 10 miliardi (USD),https://www.glassdoor.it/partner/jobListing.htm?pos=201&ao=1136043&s=58&guid=0000018631bccc0d8e73f7b582bea22d&src=GD_JOB_AD&t=SR&vt=w&cs=1_71ce4cd9&cb=1675871702716&jobListingId=1008457105843&jrtk=3-0-1goorpj1kk275801-1goorpj2c24ua000-dcf4d1a4a93f59a0-
22,3.1,3.0,2.9,2.9,2.9,"Thame, Regno Unito",Oltre 10.000 dipendenti,1985,Azienda - Settore privato,Hotel e resort,Hotel e ospitalità,Sconosciuto/Non applicabile,https://www.glassdoor.it/partner/jobListing.htm?pos=202&ao=1136043&s=58&guid=0000018631bccc0d8e73f7b582bea22d&src=GD_JOB_AD&t=SR&vt=w&cs=1_dc90d855&cb=1675871702716&jobListingId=1008435714879&jrtk=3-0-1goorpj1kk275801-1goorpj2c24ua000-3ff8326cbdca528d-
23,3.6,3.5,3.7,3.0,3.9,"Milton Keynes, Regno Unito",Oltre 10.000 dipendenti,2002,Organizzazione no-profit,Servizi generali di riparazione e manutenzione,"Servizi di costruzione, riparazione e manutenzione",$ 5 - $ 10 miliardi (USD),https://www.glassdoor.it/partner/jobListing.htm?pos=203&ao=1136043&s=58&guid=0000018631bccc0d8e73f7b582bea22d&src=GD_JOB_AD&t=SR&vt=w&cs=1_408d16b4&cb=1675871702716&jobListingId=1008436995179&jrtk=3-0-1goorpj1kk275801-1goorpj2c24ua000-4ba49b743c57cd31-
24,3.5,3.3,3.6,3.3,3.5,"Englewood, Stati Uniti d'America",Oltre 10.000 dipendenti,1982,Azienda quotata in borsa,Consulenza HR,Risorse umane e selezione del personale,$ 1 - $ 5 miliardi (USD),https://www.glassdoor.it/partner/jobListing.htm?pos=205&ao=1136043&s=58&guid=0000018631bccc0d8e73f7b582bea22d&src=GD_JOB_AD&t=SR&vt=w&ea=1&cs=1_ca101d3d&cb=1675871702716&jobListingId=1008200679347&jrtk=3-0-1goorpj1kk275801-1goorpj2c24ua000-cbd05aefd56a8bfd-
25,3.3,3.9,4.0,3.3,3.8,"Camden Town, Regno Unito",Da 1.001 a 5.000 dipendenti,1960,Azienda - Settore privato,"Negozi di abbigliamento, calzature e grandi magazzini",Vendita al dettaglio e all''ingrosso,$ 100 - $ 500 milioni (USD),https://www.glassdoor.it/partner/jobListing.htm?pos=206&ao=1136043&s=58&guid=0000018631bccc0d8e73f7b582bea22d&src=GD_JOB_AD&t=SR&vt=w&cs=1_39bb0d14&cb=1675871702716&jobListingId=1008454634621&jrtk=3-0-1goorpj1kk275801-1goorpj2c24ua000-c771156638149055-
26,3.0,2.6,2.6,2.6,2.6,"Blackburn, Regno Unito",Da 1.001 a 5.000 dipendenti,2001,Lavoratore autonomo,Minimarket,Vendita al dettaglio e all''ingrosso,$ 500 milioni - $ 1 miliardo (USD),https://www.glassdoor.it/partner/jobListing.htm?pos=208&ao=1136043&s=58&guid=0000018631bccc0d8e73f7b582bea22d&src=GD_JOB_AD&t=SR&vt=w&cs=1_496e2499&cb=1675871702716&jobListingId=1008434642826&jrtk=3-0-1goorpj1kk275801-1goorpj2c24ua000-1c8a98feada2b7eb-
27,2.6,3.3,2.6,2.5,2.6,"Marlow, Regno Unito",Da 201 a 500 dipendenti,2016,Controllata o segmento aziendale,Negozi di elettronica ed elettrodomestici,Vendita al dettaglio e all''ingrosso,Sconosciuto/Non applicabile,https://www.glassdoor.it/partner/jobListing.htm?pos=209&ao=1136043&s=58&guid=0000018631bccc0d8e73f7b582bea22d&src=GD_JOB_AD&t=SR&vt=w&ea=1&cs=1_f75690b6&cb=1675871702717&jobListingId=1008403597534&jrtk=3-0-1goorpj1kk275801-1goorpj2c24ua000-3c92c96b27b0ec3f-
28,3.4,3.7,4.1,3.5,3.6,"San Francisco, Stati Uniti d'America",Oltre 10.000 dipendenti,1853,Azienda quotata in borsa,"Negozi di abbigliamento, calzature e grandi magazzini",Vendita al dettaglio e all''ingrosso,$ 1 - $ 5 miliardi (USD),https://www.glassdoor.it/partner/jobListing.htm?pos=210&ao=1136043&s=58&guid=0000018631bccc0d8e73f7b582bea22d&src=GD_JOB_AD&t=SR&vt=w&cs=1_4fb287af&cb=1675871702717&jobListingId=1008455938475&jrtk=3-0-1goorpj1kk275801-1goorpj2c24ua000-1b546b90a6bee747-
29,2.0,5.0,4.3,4.3,4.7,"Coventry, Regno Unito",Da 51 a 200 dipendenti,,Azienda quotata in borsa,,,Sconosciuto/Non applicabile,https://www.glassdoor.it/partner/jobListing.htm?pos=211&ao=1136043&s=58&guid=0000018631bccc0d8e73f7b582bea22d&src=GD_JOB_AD&t=SR&vt=w&cs=1_6559d832&cb=1675871702717&jobListingId=1008437341464&jrtk=3-0-1goorpj1kk275801-1goorpj2c24ua000-af0cd547efefe3f9-
30,2.7,2.8,3.5,2.7,2.0,"Shoreditch, Regno Unito",Da 51 a 200 dipendenti,,Azienda - Settore privato,,,Sconosciuto/Non applicabile,https://www.glassdoor.it/partner/jobListing.htm?pos=212&ao=1136043&s=58&guid=0000018631bccc0d8e73f7b582bea22d&src=GD_JOB_AD&t=SR&vt=w&ea=1&cs=1_380f452f&cb=1675871702717&jobListingId=1008429139078&jrtk=3-0-1goorpj1kk275801-1goorpj2c24ua000-69d18d74bc3f9780-
31,3.5,3.4,3.5,3.2,3.1,"Dunstable, Regno Unito",Oltre 10.000 dipendenti,1742,Azienda quotata in borsa,Hotel e resort,Hotel e ospitalità,Sconosciuto/Non applicabile,https://www.glassdoor.it/partner/jobListing.htm?pos=213&ao=1136043&s=58&guid=0000018631bccc0d8e73f7b582bea22d&src=GD_JOB_AD&t=SR&vt=w&ea=1&cs=1_8d5abf91&cb=1675871702717&jobListingId=1008439486064&jrtk=3-0-1goorpj1kk275801-1goorpj2c24ua000-d2bf17d2d2338839-
32,3.1,3.3,3.6,3.1,3.2,"Manchester, Regno Unito",Oltre 10.000 dipendenti,1844,Azienda - Settore privato,Negozi di alimentari,Vendita al dettaglio e all''ingrosso,Più di $ 10 miliardi (USD),https://www.glassdoor.it/partner/jobListing.htm?pos=215&ao=1136043&s=58&guid=0000018631bccc0d8e73f7b582bea22d&src=GD_JOB_AD&t=SR&vt=w&cs=1_990d31ba&cb=1675871702717&jobListingId=1008457699740&jrtk=3-0-1goorpj1kk275801-1goorpj2c24ua000-f7a84abb234cff98-
33,3.5,3.4,3.5,3.2,3.1,"Dunstable, Regno Unito",Oltre 10.000 dipendenti,1742,Azienda quotata in borsa,Hotel e resort,Hotel e ospitalità,Sconosciuto/Non applicabile,https://www.glassdoor.it/partner/jobListing.htm?pos=216&ao=1136043&s=58&guid=0000018631bccc0d8e73f7b582bea22d&src=GD_JOB_AD&t=SR&vt=w&ea=1&cs=1_f1d6c10a&cb=1675871702717&jobListingId=1008449222528&jrtk=3-0-1goorpj1kk275801-1goorpj2c24ua000-bfb26a7a65d8e46d-
34,2.8,2.6,2.7,2.5,2.7,"Southwark, Regno Unito",Da 51 a 200 dipendenti,2013,Azienda - Settore privato,Ristoranti e caffè,Ristoranti e servizi alimentari,Sconosciuto/Non applicabile,https://www.glassdoor.it/partner/jobListing.htm?pos=217&ao=1136043&s=58&guid=0000018631bccc0d8e73f7b582bea22d&src=GD_JOB_AD&t=SR&vt=w&cs=1_a40c6c35&cb=1675871702717&jobListingId=1008424217657&jrtk=3-0-1goorpj1kk275801-1goorpj2c24ua000-2f20c6a977381482-
35,3.7,3.5,3.5,3.2,3.3,"Londra, Regno Unito",Da 1.001 a 5.000 dipendenti,2005,Azienda - Settore privato,Ristoranti e caffè,Ristoranti e servizi alimentari,Sconosciuto/Non applicabile,https://www.glassdoor.it/partner/jobListing.htm?pos=218&ao=1136043&s=58&guid=0000018631bccc0d8e73f7b582bea22d&src=GD_JOB_AD&t=SR&vt=w&ea=1&cs=1_9e830440&cb=1675871702717&jobListingId=1008451365536&jrtk=3-0-1goorpj1kk275801-1goorpj2c24ua000-198cc228dd2efdc5-
36,2.9,2.5,2.4,2.3,2.6,"Londra, Regno Unito",Da 1 a 50 dipendenti,,Azienda - Settore privato,,,$ 1 - $ 5 milioni (USD),https://www.glassdoor.it/partner/jobListing.htm?pos=219&ao=1136043&s=58&guid=0000018631bccc0d8e73f7b582bea22d&src=GD_JOB_AD&t=SR&vt=w&ea=1&cs=1_d57908cc&cb=1675871702717&jobListingId=1008360456523&jrtk=3-0-1goorpj1kk275801-1goorpj2c24ua000-ec6a40c19ed05d55-
37,2.9,3.1,3.0,2.8,2.9,"Brentford, Regno Unito",Oltre 10.000 dipendenti,1995,Azienda quotata in borsa,Cultura e spettacolo,"Arte, intrattenimento e attività ricreative",$ 100 - $ 500 milioni (USD),https://www.glassdoor.it/partner/jobListing.htm?pos=222&ao=1136043&s=58&guid=0000018631bccc0d8e73f7b582bea22d&src=GD_JOB_AD&t=SR&vt=w&cs=1_2f2cf640&cb=1675871702717&jobListingId=1008419503175&jrtk=3-0-1goorpj1kk275801-1goorpj2c24ua000-00f691a22a2ce546-
38,3.5,3.1,3.8,3.2,3.9,"Londra, Regno Unito",Oltre 10.000 dipendenti,1922,Azienda quotata in borsa,Emittenti radiotelevisive,Media e comunicazione,Sconosciuto/Non applicabile,https://www.glassdoor.it/partner/jobListing.htm?pos=223&ao=1136043&s=58&guid=0000018631bccc0d8e73f7b582bea22d&src=GD_JOB_AD&t=SR&vt=w&cs=1_31c84934&cb=1675871702718&jobListingId=1008456914672&jrtk=3-0-1goorpj1kk275801-1goorpj2c24ua000-e0a052786b69da5a-
39,3.2,3.6,3.9,3.4,3.5,"Royston, Regno Unito",Da 1.001 a 5.000 dipendenti,1993,Azienda quotata in borsa,Negozi di alimentari e bevande,Vendita al dettaglio e all''ingrosso,Sconosciuto/Non applicabile,https://www.glassdoor.it/partner/jobListing.htm?pos=224&ao=1136043&s=58&guid=0000018631bccc0d8e73f7b582bea22d&src=GD_JOB_AD&t=SR&vt=w&cs=1_f3be4785&cb=1675871702718&jobListingId=1008451376934&jrtk=3-0-1goorpj1kk275801-1goorpj2c24ua000-b3bb0e110283ec6e-
40,4.0,3.9,4.1,3.6,3.2,"North York, Canada",Oltre 10.000 dipendenti,1960,Azienda - Settore privato,Hotel e resort,Hotel e ospitalità,$ 25 - $ 100 milioni (USD),https://www.glassdoor.it/partner/jobListing.htm?pos=225&ao=1136043&s=58&guid=0000018631bccc0d8e73f7b582bea22d&src=GD_JOB_AD&t=SR&vt=w&cs=1_67e3cd4a&cb=1675871702718&jobListingId=1008138988802&jrtk=3-0-1goorpj1kk275801-1goorpj2c24ua000-0adf650b00eb1376-
41,2.8,2.5,2.9,2.7,3.0,"Canton, Stati Uniti d'America",Da 5.001 a 10.000 dipendenti,1950,Azienda - Settore privato,Ristoranti e caffè,Ristoranti e servizi alimentari,Sconosciuto/Non applicabile,https://www.glassdoor.it/partner/jobListing.htm?pos=226&ao=1136043&s=58&guid=0000018631bccc0d8e73f7b582bea22d&src=GD_JOB_AD&t=SR&vt=w&ea=1&cs=1_bcf495b7&cb=1675871702718&jobListingId=1008452104937&jrtk=3-0-1goorpj1kk275801-1goorpj2c24ua000-455c236014c4876c-
42,3.1,2.8,3.1,2.8,3.3,"Londra, Regno Unito",Oltre 10.000 dipendenti,1993,Organizzazione no-profit,Cooperative sociali e servizi civili,Non-profit e ONG,$ 100 - $ 500 milioni (USD),https://www.glassdoor.it/partner/jobListing.htm?pos=227&ao=1136043&s=58&guid=0000018631bccc0d8e73f7b582bea22d&src=GD_JOB_AD&t=SR&vt=w&cs=1_3bc26874&cb=1675871702718&jobListingId=1008423386166&jrtk=3-0-1goorpj1kk275801-1goorpj2c24ua000-7c31dcd2daccb7fe-
43,3.5,2.9,3.6,3.2,3.2,"Copenaghen, Regno Unito",Da 1.001 a 5.000 dipendenti,2002,Azienda - Settore privato,Ristoranti e caffè,Ristoranti e servizi alimentari,Sconosciuto/Non applicabile,https://www.glassdoor.it/partner/jobListing.htm?pos=228&ao=1136043&s=58&guid=0000018631bccc0d8e73f7b582bea22d&src=GD_JOB_AD&t=SR&vt=w&ea=1&cs=1_9012fa26&cb=1675871702718&jobListingId=1008446825191&jrtk=3-0-1goorpj1kk275801-1goorpj2c24ua000-49f2334123ec47a0-
44,3.4,3.7,3.6,3.3,3.5,"Meyrin, Svizzera",Da 5.001 a 10.000 dipendenti,1847,Azienda - Settore privato,Altri negozi al dettaglio,Vendita al dettaglio e all''ingrosso,Sconosciuto/Non applicabile,https://www.glassdoor.it/partner/jobListing.htm?pos=229&ao=1136043&s=58&guid=0000018631bccc0d8e73f7b582bea22d&src=GD_JOB_AD&t=SR&vt=w&cs=1_a5db09de&cb=1675871702718&jobListingId=1008426283043&jrtk=3-0-1goorpj1kk275801-1goorpj2c24ua000-804993a56727828f-
45,3.1,2.9,3.4,3.0,3.3,"Dublino, Eire",Oltre 10.000 dipendenti,1969,Controllata o segmento aziendale,"Negozi di abbigliamento, calzature e grandi magazzini",Vendita al dettaglio e all''ingrosso,$ 1 - $ 5 miliardi (USD),https://www.glassdoor.it/partner/jobListing.htm?pos=230&ao=1136043&s=58&guid=0000018631bccc0d8e73f7b582bea22d&src=GD_JOB_AD&t=SR&vt=w&cs=1_82041a5c&cb=1675871702718&jobListingId=1008455990112&jrtk=3-0-1goorpj1kk275801-1goorpj2c24ua000-63d0d70857becd3b-
46,3.1,2.9,3.4,3.0,3.3,"Dublino, Eire",Oltre 10.000 dipendenti,1969,Controllata o segmento aziendale,"Negozi di abbigliamento, calzature e grandi magazzini",Vendita al dettaglio e all''ingrosso,$ 1 - $ 5 miliardi (USD),https://www.glassdoor.it/partner/jobListing.htm?pos=301&ao=1136043&s=58&guid=0000018631bcee36b8e5d083657a7da0&src=GD_JOB_AD&t=SR&vt=w&cs=1_83ff93f8&cb=1675871711490&jobListingId=1008455990112&jrtk=3-0-1goorpripjc8n801-1goorprjbi15p800-63d0d70857becd3b-
47,3.5,3.8,3.7,3.2,3.4,"Seattle, Stati Uniti d'America",Oltre 10.000 dipendenti,1971,Azienda quotata in borsa,Ristoranti e caffè,Ristoranti e servizi alimentari,Più di $ 10 miliardi (USD),https://www.glassdoor.it/partner/jobListing.htm?pos=302&ao=1136043&s=58&guid=0000018631bcee36b8e5d083657a7da0&src=GD_JOB_AD&t=SR&vt=w&ea=1&cs=1_282d0c35&cb=1675871711490&jobListingId=1008297262987&jrtk=3-0-1goorpripjc8n801-1goorprjbi15p800-7366512eff0b77e9-
48,3.3,3.7,3.7,3.4,3.3,"Londra, Regno Unito",Oltre 10.000 dipendenti,1924,Azienda - Settore privato,"Negozi di abbigliamento, calzature e grandi magazzini",Vendita al dettaglio e all''ingrosso,Più di $ 10 miliardi (USD),https://www.glassdoor.it/partner/jobListing.htm?pos=306&ao=1136043&s=58&guid=0000018631bcee36b8e5d083657a7da0&src=GD_JOB_AD&t=SR&vt=w&cs=1_30e3a7a1&cb=1675871711490&jobListingId=1008286277885&jrtk=3-0-1goorpripjc8n801-1goorprjbi15p800-838ebbf80f6ffe3a-
49,3.7,3.6,3.8,3.5,3.8,"Frankfurt am Main, Germania",Oltre 10.000 dipendenti,1870,Azienda quotata in borsa,Banche e istituti di credito,Finanza,Più di $ 10 miliardi (USD),https://www.glassdoor.it/partner/jobListing.htm?pos=307&ao=1136043&s=58&guid=0000018631bcee36b8e5d083657a7da0&src=GD_JOB_AD&t=SR&vt=w&cs=1_b5c218ff&cb=1675871711490&jobListingId=1008168595835&jrtk=3-0-1goorpripjc8n801-1goorprjbi15p800-25fbe363efdafa47-
50,2.8,2.8,3.0,2.7,3.1,"Londra, Regno Unito",Oltre 10.000 dipendenti,1820,Azienda - Settore privato,Pubblicità e pubbliche relazioni,Media e comunicazione,Sconosciuto/Non applicabile,https://www.glassdoor.it/partner/jobListing.htm?pos=308&ao=1136043&s=58&guid=0000018631bcee36b8e5d083657a7da0&src=GD_JOB_AD&t=SR&vt=w&cs=1_1c8ac4e9&cb=1675871711490&jobListingId=1008402914419&jrtk=3-0-1goorpripjc8n801-1goorprjbi15p800-c595aac458d1b756-
51,3.3,3.6,3.3,3.1,2.9,"Batavia, Stati Uniti d'America",Oltre 10.000 dipendenti,1976,Azienda - Settore privato,Negozi di alimentari,Vendita al dettaglio e all''ingrosso,Sconosciuto/Non applicabile,https://www.glassdoor.it/partner/jobListing.htm?pos=310&ao=1136043&s=58&guid=0000018631bcee36b8e5d083657a7da0&src=GD_JOB_AD&t=SR&vt=w&cs=1_38950182&cb=1675871711490&jobListingId=1006915795899&jrtk=3-0-1goorpripjc8n801-1goorprjbi15p800-338c3b89f3cec2ea-
52,3.8,4.3,4.6,4.1,4.3,"Billund, Danimarca",Oltre 10.000 dipendenti,1932,Azienda - Settore privato,Produzione di beni di consumo,Manifattura,Sconosciuto/Non applicabile,https://www.glassdoor.it/partner/jobListing.htm?pos=311&ao=1136043&s=58&guid=0000018631bcee36b8e5d083657a7da0&src=GD_JOB_AD&t=SR&vt=w&cs=1_99b9e551&cb=1675871711490&jobListingId=1008454356319&jrtk=3-0-1goorpripjc8n801-1goorprjbi15p800-de9109188fa921c5-
53,3.4,3.4,3.8,3.4,3.8,"Londra, Regno Unito",Da 1.001 a 5.000 dipendenti,2013,Azienda quotata in borsa,Servizi Internet e web,IT (Information Technology),$ 5 - $ 10 miliardi (USD),https://www.glassdoor.it/partner/jobListing.htm?pos=312&ao=1136043&s=58&guid=0000018631bcee36b8e5d083657a7da0&src=GD_JOB_AD&t=SR&vt=w&ea=1&cs=1_a671e10e&cb=1675871711491&jobListingId=1008173698519&jrtk=3-0-1goorpripjc8n801-1goorprjbi15p800-a8018ec4ce6da88a-
54,4.4,3.8,4.0,4.1,3.5,"Mayfair, Regno Unito",Da 1.001 a 5.000 dipendenti,1993,Azienda - Settore privato,Immobiliare,Immobiliare,$ 100 - $ 500 milioni (USD),https://www.glassdoor.it/partner/jobListing.htm?pos=313&ao=1136043&s=58&guid=0000018631bcee36b8e5d083657a7da0&src=GD_JOB_AD&t=SR&vt=w&cs=1_5e6b5c17&cb=1675871711491&jobListingId=1008456340088&jrtk=3-0-1goorpripjc8n801-1goorprjbi15p800-90593e3e56ca5478-
55,3.5,3.8,3.7,3.2,3.4,"Seattle, Stati Uniti d'America",Oltre 10.000 dipendenti,1971,Azienda quotata in borsa,Ristoranti e caffè,Ristoranti e servizi alimentari,Più di $ 10 miliardi (USD),https://www.glassdoor.it/partner/jobListing.htm?pos=314&ao=1136043&s=58&guid=0000018631bcee36b8e5d083657a7da0&src=GD_JOB_AD&t=SR&vt=w&cs=1_503bab3e&cb=1675871711491&jobListingId=1005712604507&jrtk=3-0-1goorpripjc8n801-1goorprjbi15p800-248ac8fc9f7c786d-
56,2.6,2.3,2.5,2.7,2.4,"Hong Kong, Hong Kong",Sconosciuto,,Azienda - Settore privato,,,Sconosciuto/Non applicabile,https://www.glassdoor.it/partner/jobListing.htm?pos=315&ao=1136043&s=58&guid=0000018631bcee36b8e5d083657a7da0&src=GD_JOB_AD&t=SR&vt=w&ea=1&cs=1_9ca91202&cb=1675871711491&jobListingId=1008397551246&jrtk=3-0-1goorpripjc8n801-1goorprjbi15p800-4352dd6c6e909ff2-
57,3.7,3.6,4.1,3.5,3.3,"Londra, Regno Unito",Oltre 10.000 dipendenti,1992,Azienda - Settore privato,Ristoranti e caffè,Ristoranti e servizi alimentari,$ 500 milioni - $ 1 miliardo (USD),https://www.glassdoor.it/partner/jobListing.htm?pos=317&ao=1136043&s=58&guid=0000018631bcee36b8e5d083657a7da0&src=GD_JOB_AD&t=SR&vt=w&ea=1&cs=1_ae7c8126&cb=1675871711491&jobListingId=1008426209047&jrtk=3-0-1goorpripjc8n801-1goorprjbi15p800-94e680e5dd81818d-
58,3.4,2.9,3.4,3.4,2.8,"Hemel Hempstead, Regno Unito",Da 1.001 a 5.000 dipendenti,2010,Azienda - Settore privato,Sport e tempo libero,"Arte, intrattenimento e attività ricreative",$ 100 - $ 500 milioni (USD),https://www.glassdoor.it/partner/jobListing.htm?pos=318&ao=1136043&s=58&guid=0000018631bcee36b8e5d083657a7da0&src=GD_JOB_AD&t=SR&vt=w&cs=1_e9f835aa&cb=1675871711491&jobListingId=1008276056272&jrtk=3-0-1goorpripjc8n801-1goorprjbi15p800-4f7ebcc6910dd22d-
59,3.3,3.3,3.4,3.1,2.8,"Londra, Regno Unito",Da 5.001 a 10.000 dipendenti,1992,Azienda - Settore privato,Ristoranti e caffè,Ristoranti e servizi alimentari,$ 100 - $ 500 milioni (USD),https://www.glassdoor.it/partner/jobListing.htm?pos=319&ao=1136043&s=58&guid=0000018631bcee36b8e5d083657a7da0&src=GD_JOB_AD&t=SR&vt=w&cs=1_d43153c5&cb=1675871711491&jobListingId=1008454455211&jrtk=3-0-1goorpripjc8n801-1goorprjbi15p800-e5d7e8e558a5ec19-
60,3.9,3.5,4.1,3.6,3.9,"Londra, Regno Unito",Oltre 10.000 dipendenti,1826,Università,Istruzione universitaria,Istruzione e formazione,$ 1 - $ 5 miliardi (USD),https://www.glassdoor.it/partner/jobListing.htm?pos=321&ao=1136043&s=58&guid=0000018631bcee36b8e5d083657a7da0&src=GD_JOB_AD&t=SR&vt=w&cs=1_b0cd1f1b&cb=1675871711491&jobListingId=1008429331043&jrtk=3-0-1goorpripjc8n801-1goorprjbi15p800-dba818a5b770c94d-
61,2.6,2.7,3.1,2.7,3.2,"Londra, Regno Unito",Da 201 a 500 dipendenti,1884,Organizzazione no-profit,Servizi di istruzione e formazione,Istruzione e formazione,Sconosciuto/Non applicabile,https://www.glassdoor.it/partner/jobListing.htm?pos=323&ao=1136043&s=58&guid=0000018631bcee36b8e5d083657a7da0&src=GD_JOB_AD&t=SR&vt=w&cs=1_2ce9b884&cb=1675871711492&jobListingId=1008454167995&jrtk=3-0-1goorpripjc8n801-1goorprjbi15p800-e07a432270d33c9b-
62,3.5,2.8,2.9,2.5,2.4,"Londra, Regno Unito",Oltre 10.000 dipendenti,1829,Ente pubblico,Enti governativi,Istituzioni governative e pubblica amministrazione,Sconosciuto/Non applicabile,https://www.glassdoor.it/partner/jobListing.htm?pos=326&ao=1136043&s=58&guid=0000018631bcee36b8e5d083657a7da0&src=GD_JOB_AD&t=SR&vt=w&cs=1_20e7f4e4&cb=1675871711492&jobListingId=1008329125496&jrtk=3-0-1goorpripjc8n801-1goorprjbi15p800-37d9c12520a7ba80-
63,2.9,2.9,2.7,2.9,3.4,"Zug, Svizzera",Da 5.001 a 10.000 dipendenti,1989,Azienda quotata in borsa,Immobiliare,Immobiliare,Sconosciuto/Non applicabile,https://www.glassdoor.it/partner/jobListing.htm?pos=328&ao=1136043&s=58&guid=0000018631bcee36b8e5d083657a7da0&src=GD_JOB_AD&t=SR&vt=w&cs=1_f5e519d8&cb=1675871711492&jobListingId=1007323605341&jrtk=3-0-1goorpripjc8n801-1goorprjbi15p800-e57677459be92fd3-
64,3.1,3.4,3.4,3.1,3.4,"Welwyn Garden City, Regno Unito",Oltre 10.000 dipendenti,1919,Azienda - Settore privato,Negozi di alimentari,Vendita al dettaglio e all''ingrosso,Sconosciuto/Non applicabile,https://www.glassdoor.it/partner/jobListing.htm?pos=330&ao=1136043&s=58&guid=0000018631bcee36b8e5d083657a7da0&src=GD_JOB_AD&t=SR&vt=w&ea=1&cs=1_098c3e42&cb=1675871711492&jobListingId=1008459036898&jrtk=3-0-1goorpripjc8n801-1goorprjbi15p800-671fdac71cb1e5ab-
65,3.0,2.9,3.0,2.8,2.8,"Londra, Regno Unito",Da 5.001 a 10.000 dipendenti,1964,Controllata o segmento aziendale,Negozi di prodotti di bellezza e accessori,Vendita al dettaglio e all''ingrosso,$ 1 - $ 5 miliardi (USD),https://www.glassdoor.it/partner/jobListing.htm?pos=402&ao=1136043&s=58&guid=0000018631bd22ed820dc6a435c16468&src=GD_JOB_AD&t=SR&vt=w&ea=1&cs=1_4276c20e&cb=1675871725014&jobListingId=1008300420931&jrtk=3-0-1goorq8onk60r801-1goorq8p728qb000-1fab710e13305da4-
66,2.9,3.6,3.7,3.1,3.4,"Londra, Regno Unito",Da 1 a 50 dipendenti,2007,Azienda - Settore privato,Servizi di catering e ristorazione,Ristoranti e servizi alimentari,$ 1 - $ 5 milioni (USD),https://www.glassdoor.it/partner/jobListing.htm?pos=403&ao=1136043&s=58&guid=0000018631bd22ed820dc6a435c16468&src=GD_JOB_AD&t=SR&vt=w&ea=1&cs=1_d033b4d3&cb=1675871725014&jobListingId=1008435630793&jrtk=3-0-1goorq8onk60r801-1goorq8p728qb000-ddeae1de64d99ac0-
67,3.6,3.6,3.7,3.5,3.5,"Londra, Regno Unito",Da 1.001 a 5.000 dipendenti,1985,Azienda - Settore privato,Hotel e resort,Hotel e ospitalità,Sconosciuto/Non applicabile,https://www.glassdoor.it/partner/jobListing.htm?pos=404&ao=1136043&s=58&guid=0000018631bd22ed820dc6a435c16468&src=GD_JOB_AD&t=SR&vt=w&ea=1&cs=1_640a4ba1&cb=1675871725014&jobListingId=1008456382668&jrtk=3-0-1goorq8onk60r801-1goorq8p728qb000-dcd8660053435c26-
68,3.9,3.5,4.1,3.6,3.9,"Londra, Regno Unito",Oltre 10.000 dipendenti,1826,Università,Istruzione universitaria,Istruzione e formazione,$ 1 - $ 5 miliardi (USD),https://www.glassdoor.it/partner/jobListing.htm?pos=405&ao=1136043&s=58&guid=0000018631bd22ed820dc6a435c16468&src=GD_JOB_AD&t=SR&vt=w&cs=1_63be5209&cb=1675871725014&jobListingId=1008444599357&jrtk=3-0-1goorq8onk60r801-1goorq8p728qb000-1e3e525d1a7aa8c3-
69,3.4,3.4,3.8,3.3,3.2,"San Francisco, Stati Uniti d'America",Oltre 10.000 dipendenti,1969,Azienda - Settore privato,Negozi di prodotti di bellezza e accessori,Vendita al dettaglio e all''ingrosso,$ 1 - $ 5 miliardi (USD),https://www.glassdoor.it/partner/jobListing.htm?pos=408&ao=1136043&s=58&guid=0000018631bd22ed820dc6a435c16468&src=GD_JOB_AD&t=SR&vt=w&ea=1&cs=1_13e6a680&cb=1675871725014&jobListingId=1008328353672&jrtk=3-0-1goorq8onk60r801-1goorq8p728qb000-31f3cc3b33c25f91-
70,4.5,4.0,4.3,4.3,4.4,"Londra, Regno Unito",Da 51 a 200 dipendenti,2015,Azienda - Settore privato,Consulenza HR,Risorse umane e selezione del personale,$ 5 - $ 25 milioni (USD),https://www.glassdoor.it/partner/jobListing.htm?pos=409&ao=1136043&s=58&guid=0000018631bd22ed820dc6a435c16468&src=GD_JOB_AD&t=SR&vt=w&ea=1&cs=1_29d8135f&cb=1675871725014&jobListingId=1008446797196&jrtk=3-0-1goorq8onk60r801-1goorq8p728qb000-2468a1f0ab7dc082-
71,3.1,4.2,4.4,3.7,4.1,"Londra, Regno Unito",Da 1.001 a 5.000 dipendenti,1982,Organizzazione no-profit,Emittenti radiotelevisive,Media e comunicazione,$ 500 milioni - $ 1 miliardo (USD),https://www.glassdoor.it/partner/jobListing.htm?pos=410&ao=1136043&s=58&guid=0000018631bd22ed820dc6a435c16468&src=GD_JOB_AD&t=SR&vt=w&cs=1_756c4d0b&cb=1675871725014&jobListingId=1008394827165&jrtk=3-0-1goorq8onk60r801-1goorq8p728qb000-f0b9d1254251f100-
