company,job_title,location,company_rating,job_age,job_link,run_date
Saipem Italia OFFCO,Security Officer,Italia,,1 giorno fa,https://www.glassdoor.it/partner/jobListing.htm?pos=101&ao=1110586&s=58&guid=000001865b5a885397a58d95540a9657&src=GD_JOB_AD&t=SR&vt=w&cs=1_d3368cfe&cb=1676569905638&jobListingId=1008474128563&cpc=E04C949A9101C6A2&jrtk=3-0-1gpdll247p2m7801-1gpdll251itn2800-f8f3465280bc418b--6NYlbfkN0CsDm3IUperF1RINdpGHLuhgFoi3Ntjo5CuBDSv6Xb6c2scNx0yUYfBgcIMqq9pQJFGLQwIdpDybKZfy4JQqahjxFN5V8nL_yfSI4QbxTWXdRfUKD3P9ZjUB8gMrDPF-MNachTuxxhv8NlhO_Q0_AE9YqHg-syf132R4qvrjoc69iJndQquNfmCe7cpn-5uF-n91shJkcgrnJgI8BFC3dgv3f6cmRB2l9z08mv6RGdM5zV4RkCgdJEoi3Dp8MNzvECYCqOMe4igMFboM7TnOE_N-myEFhI8HDNFzYKk_dWkz7Dh6oPQL4gi2n1Z-bKLzLlvPR_pGifDwmuNM3qwGmUutygyh48EtrmjCeY6l_teINI5Mli9J5Cefb7Wl6vF0EpYthSZT1epmVilefr68R32UTe40shfNKkWc1F8HcbjxkT0Sl0O79hInPhhzlc1T542tCPajWBl9hBbhPP41APdhve8VymTCAiV4qmGCKkQroFY72a-Laa9Z-B5JA33oB8Als5FIuD9c9qq-tlMxJbw3bt3fO6FGcugidyZGBTkrYX-DTa39aov1NomwASK-M0F1oLAUnLHGAYlqBu8N7LhecH_XYf_XaG2BK2mmSwf9-CNCjJjKk0E4S0dgWjJdNt1Jvr_839H03ymtFeacRP7H51yR-ccNloKeKKpvhPrchUhabzLgHKFTtJqr4e-azAjpmcgyycHlCa2kgrv2yYy,2023-02-16
SIGNORPRESTITO SPA,Consulente Finanziario,Cosenza,"<span class=""css-2lqh28 e1cjmv6j1"">3.8<i class=""css-0 e1cjmv6j0""></i></span>",28 g,https://www.glassdoor.it/partner/jobListing.htm?pos=102&ao=1110586&s=58&guid=000001865b5a885397a58d95540a9657&src=GD_JOB_AD&t=SR&vt=w&ea=1&cs=1_5f413ba8&cb=1676569905638&jobListingId=1008416673809&cpc=D99DB9A39DE67464&jrtk=3-0-1gpdll247p2m7801-1gpdll251itn2800-d830bed9c5c2881b--6NYlbfkN0D74302Cqkk_Z3RqQnMiVOiakVDPjdvlvTMJ0Zvlklid7SotXgZ8BsSPpKqHKAkSdvYPp5SaKM3YWEJXMcw-H7addeF3_dnijX1NTAUErG-nMptPVpwkN9W4Bm18r19zOcEWyVgje4EttJ-_Gv3818bt2EL4wwY-ijDWZxTpCFuR5_B8hW17-Zbo3bXfuM7NWP1hX1yqRbcY4x5fqb3nKJHgpo9Gsv5Ku5c9ld41X4iaA-VKFNUu74laecAh_5wFPfwG4vjwN4CpQY88FdAhdKNuj96HEx504kLbGSC0l2ektKgvwvF3Bt8DvCauul891RpanlSzykZqr-VEHb3v3UFNpai8-kXliHhO310AoTUSKrBB60TeBQbohtIKohn_2oDoHDyDklXUNeMYlXF3BwW3YdSJMXo4Ozrzjj7ZPxvAJzsO2kknpX70gET0fNOUEfR1XVpPrBb_91eKo8QZi9fE7kHqPBfnowTavXP9JbnGCFfcDMS_bvvK3bKmPaJ34Z82gr4ChNLhJpzIKLVOyomY5XXSwZhtOC9nuogihpJeocizjTB8V_NnlT2Jglz7NaG8mjplBxBYnJlc8260h4iwQppqoAYsN-rL_GOchkTifZdiw6Emy9RTdVk8FegeA5HN_S33utq9caf7U_0YEE5cY2lKyxQQkpMDM5AOqa6cg%3D%3D,2023-02-16
Covisian S.p.A.,Operatore,Rende,"<span class=""css-2lqh28 e1cjmv6j1"">4.5<i class=""css-0 e1cjmv6j0""></i></span>",Oltre 30 g,https://www.glassdoor.it/partner/jobListing.htm?pos=103&ao=1110586&s=58&guid=000001865b5a885397a58d95540a9657&src=GD_JOB_AD&t=SR&vt=w&ea=1&cs=1_f924cdbe&cb=1676569905638&jobListingId=1008378360877&cpc=009A9C8147DF705D&jrtk=3-0-1gpdll247p2m7801-1gpdll251itn2800-ad68a16368b41907--6NYlbfkN0BnrGlSDnen0QF3oGdbTpIwpSTLOTcqkZZKInyhNwmcgVQ0f_8wE1DpvTswVyHFG6jSuso9zWT6x0S1cw5zR0s9llb6J2xX3mIO9GeKR-UclAgUwTWAuaKAsHxLw5uOcOEbTfZtYzZSRJOD8LdtPse-30q3zaIzjh5r4889m_sEFmzrgMOeZZWNzYu_VPGxKvJJ95X83thyn8pI73bpPpMov3zC5Vxm0wmMyXvqPlbLZqsz6nfPoK1xC9W-LFt1rg55IxcIc1htq4Yv_q1BxSPKMH5qVCihp74msvCL7YjxuEw4Tm9bJyfojNRJACrE3RKuFHmYCGC2TzSxaV3RcAoBDlQ5bTlAZKwtneaG1Jb8Exb3hRbh383WCBz_q1_SxLeyagj7xGi-xNx9mof86hU_g36i52kU2TpftqTOYt13SfooUEtnNewRjVLo30-J6e2IzhYWAEAqBrLUbp3mPAW6KN5hDJCv2JALEKguxADA-AQU8vR_M0M-_Lu1cu_9tyV8v6mKottp1OwDxJ7YcxvF2QmjOsNJw0onBOnr9nV0N32TujvHlecI-b87jj1MUPEJyuoNJ6E9lOfPfTqtkY83_t4o3KF1zhFmUDzkH4PxRfyygUYVjP1mWV8WCzkaBwwMLzozn_HIj_-kzeqq6JF7Q6OQoyNDzzUEpImVPzeQtA%3D%3D,2023-02-16
Happy Casa Store,Addetto Alle Vendite,Cosenza,"<span class=""css-2lqh28 e1cjmv6j1"">3.2<i class=""css-0 e1cjmv6j0""></i></span>",6 g,https://www.glassdoor.it/partner/jobListing.htm?pos=104&ao=1110586&s=58&guid=000001865b5a885397a58d95540a9657&src=GD_JOB_AD&t=SR&vt=w&ea=1&cs=1_b11e8dbb&cb=1676569905638&jobListingId=1008464491893&cpc=3BA4CE39D5B5DEF5&jrtk=3-0-1gpdll247p2m7801-1gpdll251itn2800-7db44a4a0095161b--6NYlbfkN0D8jtELeZ2DSjG172ALOKTvtzTTHVc7H3djIxsdTdrG6opdHVuvCnEkzgxrvKFa0NIRKuItTDVPvc_jfsMMtOGjENyZVk8_C7NwBD5S2bq4nnN5fRrtrnvtea2K3tjRN-Ev76DooKMd_wpclzTuYksUyjNWhOzLi5jAxyFqeFaegLFZ7DJJ5m571hJ-ZgXPWENc-ttxoWg1FPh7E8h3jhhazi013yRjKBiN0qBhxObWNgO3Z_RWUagUb1bqMWaI8AY_i5LbHW3xxqysO0ewkmsN-wDx3jX32na8n12Opjf9pPjHVaIsJQxDEKSxPQ7qQBsqQS9nuh6fCgaSFgSxSEZRXAGLokFzf_ypfjeZ0l897S1EVBwUZn8MdUDlmhSWJvjBmmXI3atnfI95OB3nC32D59L4HuTv4qmh6AjFd6uU2cWR7Tkle5ims9p8qvoNixGzyENi8daD7VqtUkkq4ABV5MdsFkxLiPm_T5IEDOkzHP5p4cgAaQ8cnQg_P4U3od-Yk7X1LZAKBMJn1O_EefKqqQWrql1uQCQycoUVbFAPsvDFn0xJ9HUxelaKtGQ6RBywl1ExuqlRNN9GOH4m6Ep5u4UN-1Wyr966mbJysnKSVC5gj9wwT3FpEv05IfW8BVD6AenX2eXnWIBWKHi5uIc0,2023-02-16
YES WE CALL,Rappresentante Commerciale Interno,Rende,,29 g,https://www.glassdoor.it/partner/jobListing.htm?pos=105&ao=1110586&s=58&guid=000001865b5a885397a58d95540a9657&src=GD_JOB_AD&t=SR&vt=w&ea=1&cs=1_3f342309&cb=1676569905639&jobListingId=1008414100664&cpc=A8EA696C92E7776B&jrtk=3-0-1gpdll247p2m7801-1gpdll251itn2800-364814d5bd49f6cf--6NYlbfkN0DagA07TmyB1YJyzVUET-YOJfvA-QQt2uXWMMaoMPa4Bfu0iOKutm-l0N3_YznssB30n3nhpvtYzy40VF_rXZcoQAanog7hGR4Xhkr6B4zNNgvy7axJ3buoLjMk67hFpoxUuKMrYJ_mKNN6L-QF7llqxCD-ssv5cEE-AS_C1QDb_tFDk5OI1zJe_mXc_5kELuiWAmHbSfLVZIquSiD_XRMc4C5QJ6uBokZouiy8IVmK8ToweY91wxhhPcd7891xXHxkBKsZuXMvDvObPsrBG5Inn-eApxL2TKx64He0k0_1K-xcOTUFBMDuRuf-HLJaNzELFJWTxXPn_LfDRT5sfzsyK1QV59uLH3uweaYyfnqhSziiPKCBsuwdJVF-PjBOLKGfTEcuTNTb0AJ1-XvzF-MGztP-FxKofxrQUjupS6knRLdE2Anv7MOfymPBoUF9tocbQ5kOW794D2S4LO6J0K2VAepFF10JX_qYlJWajbL0rTBf9rAQe9o-a-KjdtKfW7LUGYPKUZfrhVKmL6jyz9yGWiK3Ljhxe6JAn50FXQuYK7x6q5IgZuKGr5yLxYHMAJhc-kwcPk9Ew5EMh0ezeRh2enTBAyn9L_U%3D,2023-02-16
Covisian S.p.A.,Operatore,Rende,"<span class=""css-2lqh28 e1cjmv6j1"">4.5<i class=""css-0 e1cjmv6j0""></i></span>",7 g,https://www.glassdoor.it/partner/jobListing.htm?pos=106&ao=1110586&s=58&guid=000001865b5a885397a58d95540a9657&src=GD_JOB_AD&t=SR&vt=w&ea=1&cs=1_314b7929&cb=1676569905639&jobListingId=1008461459860&cpc=D69957E0862862E0&jrtk=3-0-1gpdll247p2m7801-1gpdll251itn2800-a48d0b31c2b8e2b6--6NYlbfkN0BnrGlSDnen0QF3oGdbTpIwpSTLOTcqkZZKInyhNwmcgRgKoaoztMcZg4wOo4tMM4_1a2XdtHy832ucMuUjQXiQDqeu4qcQ0H_-Nao3ihqO7tgG9qtfZ6vP8lGp0mLEoBD8eyZIKIjeWez0_Cc279S5ocKKYeh8Lc5eWkxZ2f5QybYAgAU-zL3Swi1eXZgoBrXcuOW7agvA-OhX0AjSjZXj-DFlul4Jk8-IEJKq06gyq4NNAfPH0wN9XJlYHfKen-nOMR2c4qGXQb47meDLlU_zh36EEKRj0upujOhjS2jAlW58KNvyPm6gMieQ5bbnbRato7BZpXU6h6dFsRqi4_P9uRD4hPXj1XrTXfDl0o3dSCN7oHi5dUZqaz1GAinkNPMgdWNzySPWw_JLiWVbVbMJumMAAtZaphpoOiWH34jtGbz-B8mJzV2Cdz75eRZ6vyZ2GpB3ng5uJsHla5g-19DO4ZUNEfg2n9wcaCPlad2Wx4hYQpRtxlJWTHfhLuhRjN9c5yXw4n828O4m8ldPnSJSUicDX_CeWOwaWNY6anhuw7NET1eCAytIndPGnk3TnfIgHPVd99DtTukDahqXOJKKv1Ps_33DEwnUNozI2x-HHFGvLQWRPGfmXpt6lxuOAo8%3D,2023-02-16
Covisian S.p.A.,Business Development Manager,Rende,"<span class=""css-2lqh28 e1cjmv6j1"">4.5<i class=""css-0 e1cjmv6j0""></i></span>",Oltre 30 g,https://www.glassdoor.it/partner/jobListing.htm?pos=107&ao=1110586&s=58&guid=000001865b5a885397a58d95540a9657&src=GD_JOB_AD&t=SR&vt=w&ea=1&cs=1_4491f32b&cb=1676569905639&jobListingId=1008395228758&cpc=BAEB662971763A76&jrtk=3-0-1gpdll247p2m7801-1gpdll251itn2800-840a80e14c09a86a--6NYlbfkN0BnrGlSDnen0QF3oGdbTpIwpSTLOTcqkZZKInyhNwmcgRgKoaoztMcZg4wOo4tMM4-j8FeglZmozd7mjNDtHLoFCMPezM80ZDPvqNqW0sipoaNiGrrNVdjz-xv_KV_nSoGQQFqAnyCG0xN_CKti_qUZ5u44iNUdl5Vch7PTPxMsxzKl4P-o7Tu1A1gXOUtkhEb-0q9ijfCYnEt-NSRq-Od_dHjcUu0FIjP4J5NSm6l3ke8jn6Tb_WwRukE7QQiVhknmLRZiqBp6D5Y2LLcwBL24Gh0si8IJGP_v3TPP052Yk6GVdr75TgMewUHkkvI2DddI-0vfNjA3aQsA5JoqsgSLJP2OF0prTd3gp_0l7j5Q1PIRn1TmgkXwEng6DhSrp3BDi0Gm2Lqd1BZkAxX1C-UEUm_APiVvEH_y2HDjsBE2cH8WDGnjWiOt3zFnvFDag4nbCBKp71_DQ691wo6zG0FnHr5-d-FU18AcM-OVtd4GqX1gUrg-CEsHiHJWiqRmnfnO1Hkl2HApS4OqOfUyWMyx8zjD2wi9S2CT3d-4udX9NuuqVATVCKZKndC0kGAI9SP1E-9HrO_kstarFdM22v1ktoUwe0i1u0SCt_2Y9_eR7g%3D%3D,2023-02-16
Eurospin Italia S.p.A.,Addetto Alle Vendite,Cosenza,"<span class=""css-2lqh28 e1cjmv6j1"">3.6<i class=""css-0 e1cjmv6j0""></i></span>",24 g,https://www.glassdoor.it/partner/jobListing.htm?pos=108&ao=1110586&s=58&guid=000001865b5a885397a58d95540a9657&src=GD_JOB_AD&t=SR&vt=w&ea=1&cs=1_01866a15&cb=1676569905639&jobListingId=1008424011356&cpc=AC285F3A3ECA6BB0&jrtk=3-0-1gpdll247p2m7801-1gpdll251itn2800-43b54561f181f213--6NYlbfkN0C1abZ9zL5NYIhXV7bfxDjOB5o2U9Geipmv_mrCPZiQ0iu8Xnde5mL7-oAyK2qtyyrjruc29eqthDqs-ByKlFJu3oRBZ4KMILBPN8uhvIPJNBqe8WCq4YLfVSTQ_grM5G6ZwmrdABbXH6k2kenP-siwKWHQJxd-QCToc6KA28YRPgzKKY2qyxZ_yeGNnRhB3L39CexlLzJCFpktVRycFGZKACy__oiR4zWdnas59ppJy7zsJrTiSyfz1jefJ3_Ll3ZXu1q9T2Xr42cpWdCMYiT6HERC40166qKS1jXFX5B9Hah21HtDNSTLfbqWTIJI_IjHEcWaI5eWo-c26lnpQc3ufo1TThqfM6_e8DHduMjM2_bd14RN_g2hAVFZl1pGDlCxl8T6O4g6tSlrlKyD-Ma5wEzS7MOYA26jk2DwhfEr2Jt-jcN4H1Dy_kPtMj8FsL0bX_hzpWmTrkijApPVQDtztApu9Tz4wPLSbmr9ty4XEC9V2ooT1_u4m7fzpvRDpIEKfUQdZvR2hIVDorUQct5CFwcJrhbqgQXwc1YFpI81OeR0IGT5p6U3X7IRzP_Vu4jL0geB8rC4Jwkp2N9rV06UG3GoLim2iLqK3SgilKS2x7juuX-6Y_QT,2023-02-16
Covisian S.p.A.,,Rende,"<span class=""css-2lqh28 e1cjmv6j1"">4.5<i class=""css-0 e1cjmv6j0""></i></span>",7 g,https://www.glassdoor.it/partner/jobListing.htm?pos=109&ao=1110586&s=58&guid=000001865b5a885397a58d95540a9657&src=GD_JOB_AD&t=SR&vt=w&ea=1&cs=1_672e0cc1&cb=1676569905639&jobListingId=1008461459859&cpc=75B6770C194DCF89&jrtk=3-0-1gpdll247p2m7801-1gpdll251itn2800-bcd1d2680dd3ca75--6NYlbfkN0BnrGlSDnen0QF3oGdbTpIwpSTLOTcqkZZKInyhNwmcgRgKoaoztMcZg4wOo4tMM4_1a2XdtHy830PW2rTvVVxu4dkpn_x34Zy_Orugedi2LjlTb6hWtn2WGZ4l93v8PSJu7gEqtLifyl_OySVNf_i2R54Wezu3pQxPmDYxqTaiLiLVb9qNbcnvHdOtJMOvW0HH_SHLlrt8Q-Sy6qerxNwi00mWTVosJzLJBP4qLxSXOuQ4wov_s-kyY3yTzp00V6gYMx54N_7moje3JaddG-ZrNeTgFBlq1u3nz3DIaeFHY_skD_GbRKv5uV4wiIfLHE7h6JfK2YeV4Cb94P7UUuh9GHlNtKmDLu_aOGMrPUo_CJvosYVJeE8Fz-Fp66eHoDPIvSBkIpzpWIKdEiOsxYE-STNI5AHWYX-6tCJ6vZIUTUnhN02CdE6nwiKJGIjaZN0ztRKCBm1cireISknXTAqbp7IozFdvoagbGcQ48Ts1cJuHpDSSpwdzuSNY_w781PSisiwyrg4UunDSzsicRYEFmn9cOSDifG0UOLbD52MS7MQz8trQdMm7vxkIT6rTcK8Lo_mU6iwR51snIiAZPcUbni15zRs4STS268CmxSPffNw7ktJsEwFGYXY0DyWmq4uHe_54GI9kp4ptsd4FUfcE,2023-02-16
Glovo,Autista Consegnatario,Cosenza,"<span class=""css-2lqh28 e1cjmv6j1"">5<i class=""css-0 e1cjmv6j0""></i></span>",7 g,https://www.glassdoor.it/partner/jobListing.htm?pos=110&ao=1110586&s=58&guid=000001865b5a885397a58d95540a9657&src=GD_JOB_AD&t=SR&vt=w&cs=1_e0be4909&cb=1676569905639&jobListingId=1008461487056&cpc=A0637F14311B9419&jrtk=3-0-1gpdll247p2m7801-1gpdll251itn2800-85fe1dae4694b85e--6NYlbfkN0AUSVxU3nowjMmHuRTF3S5B89hvI8QGAgg2BB_O71d01cFsCxTFu5vmhYQyWRcoY1GAe_kFcGM4uQBUSA8dLxmwQUK-2yJNPEQiQnD44bsTV92zRW2vJ6kx892LWKzeuuPGxFTMj9dEckmcmUMtOuR3kwEH8fsvs-t6oNUMeCMkY_RNXdCL90g7Pyx1U7ZUn3OQ6qgZiCrdkXl6SHM2OGInK6lIjXaZGcsuLiSbaNligUBo-sJEArUd4MZapQZbJQ8gyzBIYyMYwq-StJxYM4h1LIwdZsY2FjQSuG3IO5tCr9tB1UWT-zKi8FCnoY40zEcfwXSDN8Vr9SYytrVcti2C9rtyMxcB8wKHB7xAx-c_Bxuwv1obpcOQKD8k08NAl1nN8QmCpMqgDktha6-uaRLPT0nPECmoHKHuwaDfS012Fp8LP6L0gIV2_0O8tfVEijdFo52QlmXmAUsZn5n0-gSJpSiWs2EFbiv2b2N-CloXzymDS1I3IPKjozXLGeJd-EvaKAESl-3ydzIYDBpIMePcJC_f5ib5UR6pJ6jMK_y8mVip6YC83bwjGbbZAb3zBoBC_Q1PUwu5ufJ4lyOI1tlVhpi-ymMJcT6KWqdQWJBvmWhLsz92T40n10BaRsBRKGdpDS8yGdR5qQ%3D%3D,2023-02-16
Universit√† Ecampus Rende,Tutor,Rende,,7 g,https://www.glassdoor.it/partner/jobListing.htm?pos=111&ao=1136043&s=58&guid=000001865b5a885397a58d95540a9657&src=GD_JOB_AD&t=SR&vt=w&ea=1&cs=1_84e9c2f0&cb=1676569905639&jobListingId=1008459625813&jrtk=3-0-1gpdll247p2m7801-1gpdll251itn2800-9aada5cec0c7acd1-,2023-02-16
MACMARK,Sviluppatore di Software,Rende,,9 g,https://www.glassdoor.it/partner/jobListing.htm?pos=112&ao=1110586&s=58&guid=000001865b5a885397a58d95540a9657&src=GD_JOB_AD&t=SR&vt=w&ea=1&cs=1_c481ec58&cb=1676569905639&jobListingId=1008456951670&cpc=A0637F14311B9419&jrtk=3-0-1gpdll247p2m7801-1gpdll251itn2800-a218f7c78953d77d--6NYlbfkN0BKG0r_cFDl_PDPBx1QsMIMe7POWpFXZuQ4e3nl9y3kgWI1WfCa2LLwddfGq1S1YTWVr3bt6Vpud_zBKg1oAZIbmi98KfExHwOU2Zh7LW-0JCffT5-skG-eSYU5KlTuuLYjqIzKJU61a3Yz1VwG_vvPsVawYQSwDkG4r1PkcjF9GEpOV6VxKcTIrVrl6jFMSdzM1L8Dxtg3fcruvSNkQqtVnAmz1KW-ratezGabr-otJuZA1giPJ7KjKakIOu-yRldC3aqoegEYxWd2SuyN-SP9sy9wRGjG6sgi-o8BZHD_DYi2ArDCxrESi-qzBYCUOmnqpONNw1IY_nMIWpLeGRJNHJTOJJQ5IS8T3Z3Q1czXZrjq7Igbt9YGBot_KhlyPK8qGX6gCjjFadHkf3W14UrmBJrrx4h76VQA5kfnwPEDtoM_M70duvpyFVCqk4GULhngbLi5EH3MLwJ6clQiGcS47fGjH_vGad5rZ6h6WU1BRy7ZTViZCytuPG7V5ZG5FHKVVhRf0dUW1TG-AbjVyGZ9BoJbaG_XFekRKr-HUh5Lo6vNIWf29JXDRYk3Mx6Ig12YVgTfw0VxSWuBK1PLOd9DrWVx6f0JHuA%3D,2023-02-16
Eurospin Italia S.p.A.,Addetto Alle Vendite,Italia,"<span class=""css-2lqh28 e1cjmv6j1"">3.6<i class=""css-0 e1cjmv6j0""></i></span>",6 g,https://www.glassdoor.it/partner/jobListing.htm?pos=113&ao=1110586&s=58&guid=000001865b5a885397a58d95540a9657&src=GD_JOB_AD&t=SR&vt=w&ea=1&cs=1_8778592a&cb=1676569905639&jobListingId=1008464493546&cpc=F41FEAB56D215062&jrtk=3-0-1gpdll247p2m7801-1gpdll251itn2800-14743b6c1611a9e8--6NYlbfkN0C1abZ9zL5NYIhXV7bfxDjOB5o2U9Geipmv_mrCPZiQ0iu8Xnde5mL7-oAyK2qtyyow8t8-TRiC5TVGxzUa7bbvnkGQgzBkZvBAQBaNe2_C6-8oXGhrSOdGAtn8qjLG_hvdzoN4_V8SQX54hgWS49u90k4iG0gmzxa5OkOFvpv471roZmKm3-0iOZAyZ7dE50VJknVdP4i3RJKdh-f8m2cqpf7I4zCseAm1qiGyFBve6WCTt3KtSD9HSkuRP8u3eSPnw7IHlB60km4YZelzT4Z1uhV42h8ix4I0ZYp6_tZPGAHbyD0swBMQMahFJB3-1J1Ypyj_neJJ20ZE58aBvNYy8mqsrM7NgcybHRbcjlNZsv04uWRPncwF7LecBZxr49lb_3eaeyNH1W4QMVB7uLd5kUjou6jjlYmE9AUzZAdIeplSvsYJodyViDHRZFDPoZUipVuofrVQazc6v8heIkNRe_cyNY90o9oFOr6FZr43hY_d8o10RdHL8VK-g63q8k2m_hFKW0UZ0txVGg4_2EnwpUxxdM0Y8wZcmLgslcso2YsaLrFfzy3R3s7sO-k7jLZEUU9u0i647mmyogJiemOGljd1ZlPn-CNGYD86aa3BoGnDgve_U4Qph7XkyUNHXA7kRnADwKFmEw0B0KSTWjgJkdG5DR0hZRFuVFkbiiyzElMnXf2hIJiY,2023-02-16
ced import calabria,Rappresentante Commerciale,Lamezia Terme,,20 g,https://www.glassdoor.it/partner/jobListing.htm?pos=114&ao=1110586&s=58&guid=000001865b5a885397a58d95540a9657&src=GD_JOB_AD&t=SR&vt=w&ea=1&cs=1_40831382&cb=1676569905640&jobListingId=1008432557074&cpc=149B3D5996025BBA&jrtk=3-0-1gpdll247p2m7801-1gpdll251itn2800-b05a9ecc6928ca04--6NYlbfkN0ALLiFM89Yx0nKVEqOdKpIVVfKkz9pa-Is0AXuze-6HchjXykqn0_Rr4Tw4KZmM8sfwt1eVnzSZZ6dhXJ9VzBkigt4E66vMle6y0s4taAWOMbtXUY8lESsvtAkgvH3ZE7mEVpsFgmx4S2V-ZNTNTJQyAX1cYHVimHx-NZ3b-0aukLKzOjFmKgrgdtKatZZYBbnQ8vLObvzLqdUX1OxKwNFc_kLm6cUA247sd_wjjWPWwzTn_jriG60zkN1wQUJ28JYEGA4cWpDgyzJ7v7zcJXvpMIRikhEGEN43FJu0Fv9HUR1neTKNzUhs8_e1IWZidUY5NVr1veyJXAwDTUn4bFdcUYYgPZSzvBmNjCS96i0S5dWyAmIVRYXNrs6GSBKvVO3Z4PZJjnxZTAbyKBbHs4XqVS1QbOan6P9gFop6SEHcT_iflebHpWsvPuAS2_Fnhr18-2zL94NPBH2Uo1e30UzAbnbqm7hPATtSg8ZCBafV9rTuvzjntzXaqEVlA3zconjmGGAL6pVQ2WMZm6ubWR98uNz-IEczAGIIHXbiksLhUwwiwIJw5fOvir1fnIy0xSk%3D,2023-02-16
Levante srl,Rappresentante Commerciale,Cosenza,,21 g,https://www.glassdoor.it/partner/jobListing.htm?pos=115&ao=1110586&s=58&guid=000001865b5a885397a58d95540a9657&src=GD_JOB_AD&t=SR&vt=w&ea=1&cs=1_93bf9dd4&cb=1676569905640&jobListingId=1008430559096&cpc=42BEC95245890617&jrtk=3-0-1gpdll247p2m7801-1gpdll251itn2800-dafa94032bbb7e3d--6NYlbfkN0BTYD-jx6h89P3YNGWAajYNHQFoaFIA6EkqTGp3pklkjVS1emHO7-ceQbXt2WZZlJKBZ7XOnpW-Qpt88SfhAjWWCr-mrWkbQV-cJP-_ww3BXyv1BkE-hQsWYw2VFGoRL0j6T_lYudhkdra-taSclfulgk8ts5JFt_3vhQgYRxXtZ2jBS7pl0Mooo_0eJry1HSiz7HO1oT6pTU4n_2LdXvLGdXjtwnowDsKs2lN09e2qI-6lufcMe3tn-v_vP2xibLIKNf7KEPPFROB1hrNlBOwluoN-gVELebgyadJ5ChWggr0CsHYtoa0aq5X9_-0UuvTonakvYXy_hLTUkPLqcZwj8w5bleo5FlbSg8uPFHHUyhwh3YFZICtfNXMHXG9VbJHmbvcl6LEdW8iqDccdt0tH_h3zi8J3-vdkzheSLzw33_27Tz-DgZo4jNnVfwfFG-WleXtuOTwPGHy9VQBwV5CcgfdozbSBkTmGXZ7DewwqerJKtVD3mPLVY4xtOlTeTNoeGvOwExd8_kbvLlLFPPz6UsSjdNxdqPPYfL_l_8z61orYbIiV5QJZBLwirTaDgn-hR2QTibD1bH0tAksenE6k,2023-02-16
Avvocatoflash SRL,Junior Analista Delle Vendite,Cosenza,,24 h,https://www.glassdoor.it/partner/jobListing.htm?pos=116&ao=1110586&s=58&guid=000001865b5a885397a58d95540a9657&src=GD_JOB_AD&t=SR&vt=w&ea=1&cs=1_8d90b5db&cb=1676569905640&jobListingId=1008476633818&cpc=444700D72F2ECBCE&jrtk=3-0-1gpdll247p2m7801-1gpdll251itn2800-fb01ef46be364e95--6NYlbfkN0BHQN0kgaC5AAHq6DLGJbGdkSZsgXMdECYEO4WLpTUeFj6F3KUcgzUL_rrGqM2EcHP0U6pbtnoVMCGGod1rP7C_1lE_lDQClVvaZlrebz89JtqRk20uLpCvK_mzGN3Dwb2tdb4GnwXtSFZFj0vWBK3GcW1BETm44AOChOPDAc-E075DFMtMqSAUyHh9XCCtdTfbqGOpHS1qiv2twTXDcayy1jzthQPM4W56XpP2fgZIwBMw5XSJ-r2mS3817GKxBzQSw_CSd8m4Tagk_hSuztDf1CMAXVBO_NsmpK2izqxfVRHR60UeOGVNbU0SUmEP4-zz39rb0dSxcYAfl6B77W3RW8yLFKxOCC8bF_fOlsj4xjHLckfKecay3qy-wuD9LCxHBFh-2h39yoHWHntKM5oWUFsnmMhELy0BvQhkfkPeSvY3za-Ohhtf7x9UyGSHF-QgAaLhOJ5ECNI32tVrQHIbeWcWmd5pRW5d-G3gY5IM7e1jGok1Xu-YDc38Ene21RTpvcTySTWGQEovTfwY4Zf70tX7YigBvKYY_-txDFyZy8qOsjC55UyYoICMspo0ByjP2dLreB5U2Q%3D%3D,2023-02-16
OVS,Personale di Supporto Alle Vendite,Rende,"<span class=""css-2lqh28 e1cjmv6j1"">3.2<i class=""css-0 e1cjmv6j0""></i></span>",Oltre 30 g,https://www.glassdoor.it/partner/jobListing.htm?pos=117&ao=1136043&s=58&guid=000001865b5a885397a58d95540a9657&src=GD_JOB_AD&t=SR&vt=w&ea=1&cs=1_bd4c095c&cb=1676569905640&jobListingId=1008394918892&jrtk=3-0-1gpdll247p2m7801-1gpdll251itn2800-6007bc2ed0e514de-,2023-02-16
Happy Casa Store,Store Manager,Cosenza,"<span class=""css-2lqh28 e1cjmv6j1"">3.2<i class=""css-0 e1cjmv6j0""></i></span>",6 g,https://www.glassdoor.it/partner/jobListing.htm?pos=118&ao=1110586&s=58&guid=000001865b5a885397a58d95540a9657&src=GD_JOB_AD&t=SR&vt=w&ea=1&cs=1_19e07ebb&cb=1676569905640&jobListingId=1008464491894&cpc=3BA4CE39D5B5DEF5&jrtk=3-0-1gpdll247p2m7801-1gpdll251itn2800-8ef88926302a6414--6NYlbfkN0D8jtELeZ2DSjG172ALOKTvtzTTHVc7H3djIxsdTdrG6opdHVuvCnEkzgxrvKFa0NIRKuItTDVPvUHxQsD6cI1H740B_SUrg9IBcexLj3XF5Io1o7UePmTRcrYTCl8TxFwSKTB3PRWvNs0i4OH1VC2fSweEX5FlrNAPzszQPQgAwj32-8WRxBdu-15cQ_qVMkP85euWZnDiylQZp-QO7KOj89iH3I0Q9jhNCIRc9erocdN4Hnq1EzkhXBSMC3CgnVw7Gmxd3fs0Vh_Joqsy-ofgeT3TAnFl-_de0d7_zwNMKkXFYyOJanbGrkDM5x4LPpbPA7N5-CvwXT2RuWLvXN2SOhEZl84xmMEttXQHiTGrk7Ds51lkjKEy9E2-LPHlbHO4mMgJpfrOeZadMgGYibgJyWbE8HAh_Zbp5TV5Cjav8aEiO7AlepNnS2pvoLAhTxA_2dRf37nRUDY9WfTFq_PoU6NCiYzqf5Vwx4c_Okuq02YSoQUZqHeHmIYZkVN5DX8B7GV0ir3DCod4nCnJgRRTgwy2oARKpDEjvDxUU5r3L4yjxHszq5Iu7AQqeFnFtycX7-eDabHJ9TzhXSSI0YuYT8zWNRHaAh_3ZO_TbJUJQCYdwEQYcRFF7Qg0RpmkIP4%3D,2023-02-16
Erga S.r.l.,Operatore Turistico,Calabria,,16 g,https://www.glassdoor.it/partner/jobListing.htm?pos=119&ao=1110586&s=58&guid=000001865b5a885397a58d95540a9657&src=GD_JOB_AD&t=SR&vt=w&cs=1_dcadb6da&cb=1676569905640&jobListingId=1008439396524&cpc=4F748F1840550ABC&jrtk=3-0-1gpdll247p2m7801-1gpdll251itn2800-1485769cd3ab9233--6NYlbfkN0BytWipstCyveKkw9FlHucwf8c9OEfcNK6kJ3VVRANJxJbWkJbVhuVmkiwDTlZdYv5AJzr_niTQfjhqg3jwX3a6Pgq9m5HAQGlC6lfgfK68lQDns9vNGYJCi5f0rb1Sw27biN_YXSsJk7VcLOUoVc6TX5gIz1RrxYdrRrqGtkDsLSuY-X16AbeY5MCuBEzvO8ArF92RvtnYGZboNxxp6re64esFwFmbhZ7lK1scmud6GumzjnssAK5CRbdiuJxK97b0owkPsE7b4y910uDZad_tTou5I_SkoB_zSoIZ_oJEAkKyJWt9xFp9TLCyVfs1ZGbs6mtwppX0m-MrmyZAy1IrsKsIObyGdiHCpENf304R-fBOzZzrwEuG4ois5SVjpiHdWCGyM_OUGoUSu3vmunCETl7kD7wdBsWGWHc3xUaiiCL2-eNfntsIovV3av13FufoZrLWW2eXgyGmcPCm_tt10-f47TM4EIb9JlLQHJ-g6LAIkECkfGy1bD-2HS2L1XECW5wKkWwTJRoWnNWBexdMKoQ3eWcitrywUcQ12of8pw%3D%3D,2023-02-16
Mi 'Ndujo,,Cosenza,,10 g,https://www.glassdoor.it/partner/jobListing.htm?pos=120&ao=1110586&s=58&guid=000001865b5a885397a58d95540a9657&src=GD_JOB_AD&t=SR&vt=w&ea=1&cs=1_90b712f9&cb=1676569905640&jobListingId=1008453991247&cpc=2CAED5C921A5F994&jrtk=3-0-1gpdll247p2m7801-1gpdll251itn2800-08095cc2aac0adc1--6NYlbfkN0B2cqKBODrWgqdEXV_aCNqK0ebgn8auPjnyfItKpbkyO5ZemK0fzecLHXZVRBQ8KC3gvuonkUpo-nSvJHm1FF5IIUpPa9VwPG_E8LtZbxj69fD5oFpdHNdYu0NOy0guf2KExKKM_QbtUDN8VimC-b-hrLUwakC9Fbq1yM6pKYUO2CWfRboIEJ8WuT_WZtR_0NbLUId_ibUO8pOdlbv2o0cQPte3pcDVzaKRTU5gXi7_aRfXjiRWezSDGVOgW55A8Qun6E3_O5DHuBYMTUV47nVmylc9PK5D5WTR7Ge5SbOh6Klw7zqTE6eaJPW-A5Y0z46XC3ypeciZbZ4bgR1Mq3GQooAPW0fG0YGdg_QWk4iakEE6wqXGpzjiHK3KLv8yKlaCdd09zHBmmkp8z-rFwSGNeGF08aoOhb2Dxmk7bZBeOuxwcFbKOZBr_vsa6MBzChxEc01Fk934-dxqJgbsYruESDoQ4lARjnjRbhOBdWrnJVJUFBndasDUyZYsXKrQj5ITLSnMErKN3YNwEwpU7nMQfYBYB2hkqRdrbtthUUAqonQR5MjH_KNOD00NwNfzN20S_SDSydvodw%3D%3D,2023-02-16
Bluserena Hotels & Resorts,Capo Cuoco,Cosenza,"<span class=""css-2lqh28 e1cjmv6j1"">2.7<i class=""css-0 e1cjmv6j0""></i></span>",2 g,https://www.glassdoor.it/partner/jobListing.htm?pos=121&ao=1110586&s=58&guid=000001865b5a885397a58d95540a9657&src=GD_JOB_AD&t=SR&vt=w&ea=1&cs=1_ce646acb&cb=1676569905640&jobListingId=1008471004231&cpc=F45C15D234B746DE&jrtk=3-0-1gpdll247p2m7801-1gpdll251itn2800-3aac93bca9d6a3cc--6NYlbfkN0AITVGB2SQ4az8srSx7a8EkTHoUH28-R1IiVz8shiUhWQD8PbnLSzc_RJeV5J2TS6y7Hkfv5D3AkrLc4qEosSAdIDkgTB73T-R4ku0tQ-hKbV0rueKsZfU3-ALjtFQKNZ0QduXY5CHhG0WSnfgrPt4bca1R02KNZrA_cLSyRlz36VhZi4gFxMAPSuJnZzKLd7PmAJWLSQrHWvOv_ZgG6ihDobftLBfHju39L57zA9afTvxf99DCnIHNgaoVVL6XSnwKow3FuIasA6TVhsnxPio9t_uHELlkGrqZvBSWOmtBs8MPKholkMbb1bObZSdIWcD7pg0FEpX4KK-1RCaLRf2uEIcpO6O_ztZzINVOmjSmoNL1IYL2M1Qkmf_x476bU2gMGYT3fZMu16POKNke_kNk7iYFfxKH-TGDTyBvlFw-U18JAPZZp0fjJkPVpLrf0lt6iLZdqQvUgPEQdLWgfD_gE6dpY70xYX771OLDf8dbFpessGDf4xCfsycGBVnxEeFkYfKMsemgnG_b-RP9OY-Be75eK2pCupgwAdfGHiqCRNiFUHKwRoPd2i_zs9ANSFi6dbSXKm3oYA%3D%3D,2023-02-16
Eurospin Italia S.p.A.,Vice Assistente Responsabile di Filiale,Rossano,"<span class=""css-2lqh28 e1cjmv6j1"">3.6<i class=""css-0 e1cjmv6j0""></i></span>",23 g,https://www.glassdoor.it/partner/jobListing.htm?pos=122&ao=1110586&s=58&guid=000001865b5a885397a58d95540a9657&src=GD_JOB_AD&t=SR&vt=w&ea=1&cs=1_6a5f67e5&cb=1676569905640&jobListingId=1008426247316&cpc=6FC5BA77C9A4CD78&jrtk=3-0-1gpdll247p2m7801-1gpdll251itn2800-6a04f7cc4178b2ba--6NYlbfkN0C1abZ9zL5NYIhXV7bfxDjOB5o2U9Geipmv_mrCPZiQ0rur_bD-wl2ORGSdvI-RPl058-Dr0rsyqfbMHA9FVEe_B_iM9Ib-rNYslkcJUtv5gfT7qz3isOmITdq1__iSfe0kTF4JaWQTYKVQSF3-cEhWBD5UFydZzntMKgq6OZXRFiNOyVUtb82zOtxFtxPWATDStMVJcKgpkpyM_Q04JutoQf5GkT5UrzJe5Jjy8wepbLIwPNvPpkuOMqWmpgCduAfAkkKrQAF011S1qA3yQBVzbXx3ASiEBMidNyYdDhnGk5E2bkxUwazPFWzfLI_b5jJLcRwLzInfZ9ZtedMunJxl2awa2Gd9eU8OAx3mjmaagsipDNBBzBjD0n3-62lwykIX1NhoWjnAyyI82feB-eQQx-rT_b67bEB_JPtJuwVSYc_qvt4lsFkR59YAkTy8iwr2Z98l8ykd1mBCZs19849vawFD3Rs2tPa7bkswpDLYdc_B2v_K1rZKejoP8Cp5h_U59JzyB2EH4S_QiNZFtRiEJFIOkFCEuoRSRqlkmY-y39spd5Gd1Q5QqK0KzTwWYtMkwZyXj1HfOolE1KZ4jNeWl329UD2QRll-V_l0gyH1nEzJKAIi4Zlljf8m0Yt4KC719nBN_dt5Zw%3D%3D,2023-02-16
Squadragenti,Rappresentante Commerciale,Calabria,,15 g,https://www.glassdoor.it/partner/jobListing.htm?pos=123&ao=1110586&s=58&guid=000001865b5a885397a58d95540a9657&src=GD_JOB_AD&t=SR&vt=w&cs=1_9bc7cade&cb=1676569905640&jobListingId=1008443295109&cpc=F583A5AE0DDDFE3A&jrtk=3-0-1gpdll247p2m7801-1gpdll251itn2800-aeee16366eff40b2--6NYlbfkN0AIjW1KewNUmFkRf1yYWTBqFHjbZ6856ygxwBV7_NBKpuhT6YOfIKnKjpj7gynAtXsruCicLSIqIDVjk_q-vFLaHVaBicsEix3FeL4UnzIDnKFISYaSJOqMIoUUCrw4Di7XpcHpi--LAvAKfW3u1QXq7vPgE1f3BBuGO8c9a-Oa6v-xsMVXycGX6OH2rIVxCCkneqHpqL0OJrWnGPD7FY0L0IXb_nQ04jYhoKt90Tt6gx8x1Z22DteWB63cbw0RS5upxSmcve7k6WVuvCh2uk-Bp1J64z3WcX2h-hDQ0lavjPMLi7N73TCf9s5oVdbv9eBV3ZpJgo3XfMAOTbhamkbp9Rvu_-78h7ky62_JVOZa7cM-jIaq_GlFtgLUoW729EWfBr2G0FKzK2zkr0Px7jOR2y6bwnN1eMR5YQLvHOuhR6nIu6KmI0cbC4O6O3XKr0_WKEvc-JrlwHM8e_4NzazSqfJ52VbpYBJifuLwtVrv6qAP7pMDfqKbm0P123VIxXu97K-bgeO0qQNVq5UqvymB,2023-02-16
OSM Partner Calabria,Impiegato Ufficio Amministrativo,Rende,,3 g,https://www.glassdoor.it/partner/jobListing.htm?pos=124&ao=1136043&s=58&guid=000001865b5a885397a58d95540a9657&src=GD_JOB_AD&t=SR&vt=w&ea=1&cs=1_6cbbd901&cb=1676569905640&jobListingId=1008468624642&jrtk=3-0-1gpdll247p2m7801-1gpdll251itn2800-ba6769eac6effb72-,2023-02-16
MACMARK,Operatore di Call Centre,Rende,,Oltre 30 g,https://www.glassdoor.it/partner/jobListing.htm?pos=125&ao=1110586&s=58&guid=000001865b5a885397a58d95540a9657&src=GD_JOB_AD&t=SR&vt=w&ea=1&cs=1_8d4bc243&cb=1676569905641&jobListingId=1008381628485&cpc=82B3195DA92CAF92&jrtk=3-0-1gpdll247p2m7801-1gpdll251itn2800-f7d92342b79c33bc--6NYlbfkN0BKG0r_cFDl_PDPBx1QsMIMe7POWpFXZuQ4e3nl9y3kgVWPyTpiU0xyC-EhDboyL-RlW1DnGorc7P5D_47QJ_dZnv2XHtPY7NNHn1Cq_baK2LiEafEf1iiJLdD1t6vakX5UjVq3XFf0NFGcpBYHI5K5UZ7tk3A5oB80wrJEuxBakahNS6C_J91sXxjh9uBRXIHnEqsPcYJ8R32gMA5efoZ8WU_ABwnluYVPdnMctrxP-Y-2IK7R2v83nyasbBjd-EFJSHhNuQgeBmdzl14N3iiKOmUGJTdu2aVShiBeubDzEASiGYiKSJkgtkoq66ELPQ1sVPjKSP8Xak7Y2u2HysnXCJyxEL52QzErFgMwX5uBfI9c1a6yPr0E5X0UkEJsyiB1Qk-qYjYMooeRoX-k2MwXBqrY50KuUdBPa0yWB7E-g-QJSa5ZwmtO6IMJhbWsTu4WJeuWD82F4UPwLBSG36DAMdNGluPk77JhgpEOwRhFgYxAodOvjliWH7yJinbcSpjwa36tK38us16veG6ST0hfGxAulCKajv9EfydQmm8MSfWgKcDzG0VRdB1b1OfeTHR4wSPaNBHVfIQMhdCahMtreSeNJu1Uf8IHxgAOPSeYo4axKU2xq_NXGu1AoRsNY5k%3D,2023-02-16
InPlace,Segretaria,Cosenza,"<span class=""css-2lqh28 e1cjmv6j1"">5<i class=""css-0 e1cjmv6j0""></i></span>",7 g,https://www.glassdoor.it/partner/jobListing.htm?pos=126&ao=1110586&s=58&guid=000001865b5a885397a58d95540a9657&src=GD_JOB_AD&t=SR&vt=w&ea=1&cs=1_6949e753&cb=1676569905641&jobListingId=1008461471436&cpc=3BA4CE39D5B5DEF5&jrtk=3-0-1gpdll247p2m7801-1gpdll251itn2800-c130e192ae9899a0--6NYlbfkN0D-km2IeUanHJfDPphcMBgbs_Db4Gn6HAteP7dEVckNvJXtrASzUdkntycenAc6J9BdQDGekuU66212hdPvYOVTZTX41ddStgydyYp18Qme110e3QiGOSIhBaDlXtz4E6mhc5QjdXhm7YFBqViDk4fbHZ9bZ1kMVe18-yb6Zo2WnhKlrorLj6Ar3xbQFC_eSh4EVvIbKeOlI8X_ZNRcFnu7wFqnFJJjQlLFX0RsWd5HwxSIFess_0Y05PheLe8nYmHzEngn4E7OgV8IOXWTnB1ZqoJ73DcrNNTHr7MyYj_mYkQR5FTU04C41y_u8g7UIxCF3VE0a0PrL4Ih_YTLEYaKKVGg6PFIQeU7KOaGkCfXcX0--64Sy9lFSek37GBBJ4r-xyqkvl17LQebCrTJ2IW2Byj1sDUHoBnvd72btxtOpxxus9fhWlJZUldW__eykIUL7Lh4LprcJhISC4R5ub9DNpYCtcjEfvHB5f1krrpYRnw8qBcL-gYmJGU35C1qgnBftV25gWK35XZFa1ezUEmYH2tWFKUXu_UFcOHhZ0JJYTDlTWoKgFCom2qZFQZi2I62cBq3xzMy3AnPLqJq5Xv9HfzzONnRlTrtCIYxtgfo7yXjE5j95nESo5G_9LMnFM80ITYRJUHN64SnTobraQYQ6C9085DMo8iVBQQMg8196RSRNGlU-I0-dlG43m0fI8BkkT8n6RASmFdEK32XEmsjzWe5wTpCIwYokjyVHvsGi1OTTMr_0nJXXaFZVTUTlpEh-Ccj_LST7VbAV4nIBWPE,2023-02-16
hs group,Rappresentante Commerciale,Rende,,2 g,https://www.glassdoor.it/partner/jobListing.htm?pos=127&ao=1110586&s=58&guid=000001865b5a885397a58d95540a9657&src=GD_JOB_AD&t=SR&vt=w&ea=1&cs=1_bdfe1f25&cb=1676569905641&jobListingId=1008470798268&cpc=FD1C1DA32C38CFA7&jrtk=3-0-1gpdll247p2m7801-1gpdll251itn2800-a6e19e74f0401852--6NYlbfkN0DmtQ7v5PvX8EuX_g_9E6CnM5g96jG7HWyuwMw0llX4Vmh1_Q3ib4VbEV9Z4ZDsQv0m9F09Hqy2yqSNhXC0fB5LEAvWJyfQ6aINFl-rxqtDt5JVbSb4CmVcj3g2fBKjlhEfChv2cX3hLN-6EsuIbQBHfX67kxIknHZgD10e7x6ENOVDo1WMi1h0y0zi-Rsjp4MVqrgsNGLV_nA51TJAFB0StE8d3HK9oK31GDn9y5ATF2vQSZ-BwaSle97fKUVs20nYey9rLn1UAyjOURi1Zss9cqtabKuuhPACQtAnNwXTvTIQ_1tALug6DkGjxBWXqJtUy0G_8Fxui2lBl5cN1H0koEnYv6RoTy1H1ZCjWaI8uz2No1UigC1xRGMjwBV7fxHi1FHuMFWQLc-uc8WqnQ18sDzE5iUB2fodbST486CYFAwe_bo-MHSTyOLKw7qnMyG89MTFWQadeHitcsCkF_na-K8tsUAec1h8rQXZYPtC_k3vzLEMTUXDL27AtQKLGf7_OHVkjmGNGYYQY4X0aEO-JSwyKSgj580f7L6FFTWO3KyHKR0NGn79DFf1cQRU56k%3D,2023-02-16
Icall srl Rende,Operatore,Cosenza,,23 g,https://www.glassdoor.it/partner/jobListing.htm?pos=128&ao=1110586&s=58&guid=000001865b5a885397a58d95540a9657&src=GD_JOB_AD&t=SR&vt=w&ea=1&cs=1_e904b3f6&cb=1676569905641&jobListingId=1008426035885&cpc=149B3D5996025BBA&jrtk=3-0-1gpdll247p2m7801-1gpdll251itn2800-31ee3dbb924786a9--6NYlbfkN0DGg5XuHSPdVbbF0TuGG-a42m9aEbHk4u_qd0Kr3aLt4Q316RZdUDL328BTtMuNgkUoPtHCZQe8wHcW_wCmzYO2FdJ0tWMsrRsoLoV97YrmlgQB3WT8iQ6Csd0u3D8Cwn4DarIQNcUKFNeimr9lt1-WFve5f5VzpzMhr8XTWA8bPQpwMWGpZeZr3ZzAV9_G3be3BoUaEzUmZYFnUw5gjhIJW-0gQ3zsd1CX3Aim59F6Su0JyDARYU8AoBLF0phf-9ipbM5gDRgwFNYRIiNRMu_n5wJZZVSjOBvxPJlZLBKArPbDe6ntpfpLQRQ6U-VxGFEXlzMyC2n12zeEEloGWrshYZg8d61JGSA6bTzIN2cBRnA0ZYtLBIMDZOwiRdkHLCLI2HsTE1-U5kLjK1rb4bepHJ7qcbM_GUX9OUlN-iwAZjAowgA2IufEzFwEtnZgq3obl1Zf8FX8J5ku0DupfYcu8iHYUZlC7MEwDM_I5ZfYWSLL1dH8eyOXr4znq0HMoMR0niKYLX_DQ3Y9QtMr5OjJBwOdGcyS_VHDli0RRymDA6q7fFioLfRKeVoP-ua5LRM%3D,2023-02-16
Fmts Lavoro Srl,Tutor,Cosenza,"<span class=""css-2lqh28 e1cjmv6j1"">2.5<i class=""css-0 e1cjmv6j0""></i></span>",5 g,https://www.glassdoor.it/partner/jobListing.htm?pos=129&ao=1110586&s=58&guid=000001865b5a885397a58d95540a9657&src=GD_JOB_AD&t=SR&vt=w&ea=1&cs=1_518ee174&cb=1676569905641&jobListingId=1008465083306&cpc=FB7E4A1762AE5BEC&jrtk=3-0-1gpdll247p2m7801-1gpdll251itn2800-147fa1e04dddb931--6NYlbfkN0AqJKDTvCOJPOgL4yxmFp2UfjJqiiWbOotL-JwfwlNtPg3wGYK5m6A5hPad6tW_UkB4VH1QiyR4TBlWI7apSnLqT3Ug3wPrQATTLjBwve-GmWN2RYx-VWfL-8Vb-7UsfY1w5bkLrIDMkWH4IPO04z4mCeeKvfYL8MsSqSIgzf57Wi-d6NED1sS2V7qvy2xIxALTw2hY_d5LOEWiPk061VbaMUV9GpJtQxlDBGrpWtC8ZxauO0L7ulksnZRuca5qF4gVRKdeRNDC6lODbXeQAWNhmRd8PanRbYxkp8Zo6MqrBK3wS3QF695ymF81KRBsJqpbLGbjp-9x2sWQfPlxWc3c7bFwKT5PjRTEGTB6lAKTO2B4IFtpkwVdzytROMT4pRAkF1mUnz4rkdF153o1mVNNaLbDD3avLkBr2V2UgPFDxsQChhzwQwB4BUddlFV0ugfg4mSNlUQPC-IfKIn-kxLIdR09-OXdAe2Z3UKfXDhT_PVw7psQuc3ywWsqrXxgBb6EY2VJVQ3abTm6wXTl9520kEc0DmO7GNZOZIOYizqYNBONFm1n-hncWlbVGE3CVaj_NsyaYE_f1pdVksYIlswQe4tJTnhJgU6JD7PMt8bmpVMmaIQ0UBzt,2023-02-16
Centro Estetico Top Skin,Consulente Estetico,Rende,,30 g,https://www.glassdoor.it/partner/jobListing.htm?pos=130&ao=1110586&s=58&guid=000001865b5a885397a58d95540a9657&src=GD_JOB_AD&t=SR&vt=w&ea=1&cs=1_f1b5ed86&cb=1676569905641&jobListingId=1008411851284&cpc=AF02A54CD0F60729&jrtk=3-0-1gpdll247p2m7801-1gpdll251itn2800-2ede890b3673e0c5--6NYlbfkN0DwNiPKAVM4XEYS_uBWJ1E9yVKSsEJ129myVZsYEoY84XA1KVnJJrAE8OAL6-f2YzlHdL-pZjiKBxmUfPXRKSY7la4Di0Nfs-1miPA6DeTjCHqG1rE2zyI6BTENkMupw2Ovy9dLEuQ_8Gr3zredWmvc_sxydXHUN-V9Q0dPNrC93Fzem402Ak20V7LTnjNfbf0dgqV_akW2CYY7aseeU9OGdhzLNjWOPGYveuT7Yjn5QRAn7eT85272gQkTRLKw0P0EkIcZEzrWgUljQyM-TVlGcHa9ZgLvzxYgXCtxdXLRdIOqKxdTvWTNPtDFc0AUpc_sYZiz9oyq8SPLNB-tlIa4g2mQsMdwDAXuI445c3RdTuLZ6BfvinmeZCwPlo6pXKxVsOqnnclAWH_s8o6sAeFsrzaiLJxYb3quXOyRPaX4rQNCpKsr7HzyfrpVqUDTSJTba_mghKkdQX7a4tB7vnRT-4zN69jcaM-qiIKdFUifI7LZb570bMDqJl53aGBfqcHLAtY4dn1cpxhNNiLYphnNyO3kYzMRRhMv9CPBfqoUhFg9fjU92YzJ49pTtnfQbHlY3L3uSwt5fA%3D%3D,2023-02-16
UPMC,Infermiere,Italia,"<span class=""css-2lqh28 e1cjmv6j1"">3.3<i class=""css-0 e1cjmv6j0""></i></span>",Oltre 30 g,https://www.glassdoor.it/partner/jobListing.htm?pos=201&ao=1110586&s=58&guid=000001865b5ab83d92816ecb42dbb33c&src=GD_JOB_AD&t=SR&vt=w&ea=1&cs=1_a7268f78&cb=1676569917807&jobListingId=1008404764588&cpc=9952A63AB06E78AD&jrtk=3-0-1gpdlle39jiil801-1gpdlle41gaji800-d57adff3c6ba888c--6NYlbfkN0BZstVL3SHRDEX7E9ZMNUdtUH7GbTWkwqii6p0zZOnTeuTMM80GoIe1VMlFblsGp_ZzryI4mV4n9R4RAWSftyJjPQDlsFR-vRJEPmAm_mc95HecU0utpgSDGNqVk6wnzENnSkx9u2PNp_dWOJsKiwTqw0B1Ca1Ew1GBlMklzuSya4oeEZ18LUypiyIP1UHBjC3eITWoMP5QaFC8mJDxdFF78wQMnn637SR08vbC-IJDeUKW0yP0CVNNP5sFkOMtIqCzO1wPJ_GTBlmmzLF25N4PhMm-YdOwKPnCY9LqfS68JUK1PGMO79D1Ih5GcKCkSeDJ0L2vo7Rp0CqPw5HHrhDCIFQBvJl2E4U661iJfQFFEJbL8gTHYL1ldPaD5SMPQ061c_HgN6x8oehtYZn8N2pQUKm1PNtb50PrDg3T5pCZm7TPGLZMcSdw3qV4ebJi9gIJE8zW-DH8MRbsL7W8w1oX2U5x0VpJMgzQITVKTnnI8GSo3KsT1_9w6TwuYhd_i5DvCmy2YgdwLLkDB7js7YgocyeXQMJE4gwkHQfNRhrGJNz8vmgjGENUIFXPGovDzN9gLD1XZH9pEaq2g4NxDUBjSrw_PEifHZGplpAQ7qnZEBLFg2-5NQkPwzjG3t-tFSkfa4oM2ScgBg%3D%3D,2023-02-16
P INFORMATICA,Tecnico,Cosenza,,23 g,https://www.glassdoor.it/partner/jobListing.htm?pos=202&ao=1110586&s=58&guid=000001865b5ab83d92816ecb42dbb33c&src=GD_JOB_AD&t=SR&vt=w&ea=1&cs=1_94f36edf&cb=1676569917807&jobListingId=1008426201722&cpc=FA84DF7EA1EC2398&jrtk=3-0-1gpdlle39jiil801-1gpdlle41gaji800-9aa8b459f7ab6c07--6NYlbfkN0Dw34jul1HA0-Ld9q1MKvWXgTYQPvQsh4BXZdd6HWsjc0BLEhfrrPu__56QUPY2AOB8bc9b3sDzJ2uKx0dpiQ_Effxutkkk8Zv4_ZX3b7ukMLddHJFex1kUtd_BDgvISb2-mlFN7oWiEsUTn_AQAoOH_yOdoo_JL2jfQ2IrikrntV00zQR_Fp-7KC0m9F6iS9WFQjeTUF5RIY_m7a4dD3v0CyPo1uzoclhV4uZ6gJHvlBb9lhfTT3__8m5daqIw8194TsGzK6OsbcwWhE3wBmpmXp3CWBUk7ZK3ARfEWo7YOCH4z1_YxrdbbaUEzwe3Iql8XMMOtT0Rl8N8nwxMW7l96fuOl4XsrBOE_vD8Dyvi0RwnZsDqShY-leQKJYSr036cGYMHqsbLAdinT-vzVYn8WowoAlgTT1L5NcZoR95_EhOD2VS8R7L_vi6wdKjJzmC4HCHgOv3Ho6ToHM0KABHA7mh2wzTldAccnzVNOKe4wSEduM1xqExvyVclJMo-zFKlKjVCiDBYsoQXLIQ_RypR9mq7csnmnrFY1IOP9kc-It1YPZUdM2Bl7GWyGs5UUaJk64krHsxF7w%3D%3D,2023-02-16
"Foot Locker Corporate Services, Inc.",Addetto Alle Vendite,Cosenza,"<span class=""css-2lqh28 e1cjmv6j1"">3.7<i class=""css-0 e1cjmv6j0""></i></span>",22 g,https://www.glassdoor.it/partner/jobListing.htm?pos=203&ao=1136043&s=58&guid=000001865b5ab83d92816ecb42dbb33c&src=GD_JOB_AD&t=SR&vt=w&cs=1_a57dfbe5&cb=1676569917807&jobListingId=1008428582910&jrtk=3-0-1gpdlle39jiil801-1gpdlle41gaji800-bf2284d2627a04a0-,2023-02-16
BABYLAND S.R.L,Addetto Alle Vendite,Rende,,Oltre 30 g,https://www.glassdoor.it/partner/jobListing.htm?pos=204&ao=1136043&s=58&guid=000001865b5ab83d92816ecb42dbb33c&src=GD_JOB_AD&t=SR&vt=w&ea=1&cs=1_19f7fa92&cb=1676569917807&jobListingId=1008252035622&jrtk=3-0-1gpdlle39jiil801-1gpdlle41gaji800-6ebd18fbfece9c80-,2023-02-16
Service Credit S.p.A.,Analista Del Credito,Cosenza,,10 g,https://www.glassdoor.it/partner/jobListing.htm?pos=205&ao=1110586&s=58&guid=000001865b5ab83d92816ecb42dbb33c&src=GD_JOB_AD&t=SR&vt=w&ea=1&cs=1_a27c747c&cb=1676569917807&jobListingId=1008453873095&cpc=9C2286EA3771AAF6&jrtk=3-0-1gpdlle39jiil801-1gpdlle41gaji800-245943bd190e925a--6NYlbfkN0DcHunnz1oEqwYZ5F7dH0KRuPtZsyWE986hB_UVLPi-YMVW96sj26Z4Os17kdXEm8DsWul7Q9aU9EDffmWff0cuI8Jy1MY3yaN3m-Ss-_KFSjiGhguK2tAij1G2nHo1AQrICWyCp3l1aB6amUNQGAZB-heOYTiPbHkkH7FY_jtIpDzta7PfFb13cAIZ1O18N1Z_ts8qQIfm9oh7lKaFjPl5wI7358Nw9OJ_tsFf6hnKOcEv3Rh9NqX6OWxFExT5q6Fu4JclXUfKYUbAbaxuU-FBMlhDdPU-qPHQySjCozp3uOfUUKi4tMmcnKUVUgj0vBaxFlwVE5xt5Qu4frCU6S8UBJO_zXMfSIUumSoPKaewteSGyCHaVCgAbCBmRfkohslMMZUevDd0OSiVvOggvgoMbNxxZgmwUKsNnl0oShoKRh7NnxwAyreUEstTu99sBFsb4-UzNa--l6GOojr2gfZf9wTzJcTKrH6VWwXfmtD1oJX6Y8e4wFCpO2wy5o6eTXCwY6CohNB5BXortWmidJu2zzdak3ufYCyA0dNiwwEYczuAZdHRM4IBlifyV2bXZNFb_5d36RXhRHFbExhQNo3F,2023-02-16
adecco,Rappresentante Commerciale,Cosenza,"<span class=""css-2lqh28 e1cjmv6j1"">3.7<i class=""css-0 e1cjmv6j0""></i></span>",21 g,https://www.glassdoor.it/partner/jobListing.htm?pos=206&ao=1110586&s=58&guid=000001865b5ab83d92816ecb42dbb33c&src=GD_JOB_AD&t=SR&vt=w&cs=1_fb45ec8b&cb=1676569917807&jobListingId=1008428774657&cpc=75B6770C194DCF89&jrtk=3-0-1gpdlle39jiil801-1gpdlle41gaji800-d5218040c1740b23--6NYlbfkN0AnZZki9slEX_z63wsqeqef2QbFTCLB32XeLZxhwflwiRdXftf8jmFK20tfsy_nKZycCTqDnOjysAo6S8mw5vXHF7dTa6kgPCEHjK8ze9l3xtlFWbuEijfHwhge-GAReNQ3bOJAkwq36_tzjk_xorQpMRx28_rWKH9aRgiwtOx8Gx9ywa_u3T_12vMMlkn-RPxBvEvgACLq4httI55yy7BAtOokBbTvVFaJJYyueU6WhzmcM2BH93rpAwDjnkLUGdR8XccQMpcX2dfjSUlb7uFpL2geo7fmJAEakuiFd27cHEO6gn7GSq71d_T4Q-n-eZ2UOwUgW5XnyYQKh4-LFTqQxZxklr0UDjkfyOjnhyub6C3EiQ86-YLmsmsTYiuXM5q81xZReWIU81sf7HYyEMD-mAWbiu13rFKoqQ7NOgA-4NaMHgkOF9sDc25D3pGgir5rv84yJca51fgDJbmYfGtd96M4Phhf4fW3Ho2mEe-z00m75dddNQm7cWUzNnVvYlw6oORRXmP9lmWSKIwBkv9BzCiCc1qq03xSxagBaRBfCeXF3W4KBVWKC-LSx5TVbNkQSjnhZngsKdJZeHicOvC2TA1SZI1SbTfBaPK6DyMjVQAkS426BoRkpTAU_rP519E9I_NVAl7SnIAJeEIv1QL_lQJbsLgDy7yqxrBbcS4bS8sQtq7Jo7aAWYNmHryC8HrckmBSMHdzgMAAHL9M9reuQmqWqdlvVHQhvN5MjlesiWm4kwPIadu233BFWFyFVt4IxWag6P3dG6yPOSnTnCC1mCUNV4cLnMXSmwoY6dKjWukZBw2m1oIFxr1ndzhS-sT4IOGodLm_Lzjjy5A8lhN-abvCrYB3KeaOq6KPwc7uPZiHwMZarfu9PULF9GH8EEXWF8FfnSKGk8qBoVP9C6S0,2023-02-16
Arcobaleno,Addetto Alle Pulizie,Rende,,24 h,https://www.glassdoor.it/partner/jobListing.htm?pos=207&ao=1136043&s=58&guid=000001865b5ab83d92816ecb42dbb33c&src=GD_JOB_AD&t=SR&vt=w&ea=1&cs=1_85e2cad7&cb=1676569917807&jobListingId=1008475797971&jrtk=3-0-1gpdlle39jiil801-1gpdlle41gaji800-f9c284c9fe8a4078-,2023-02-16
BidiBee,Coordinatore Consegne,Cosenza,,30 g,https://www.glassdoor.it/partner/jobListing.htm?pos=208&ao=1110586&s=58&guid=000001865b5ab83d92816ecb42dbb33c&src=GD_JOB_AD&t=SR&vt=w&ea=1&cs=1_d4cf5e9e&cb=1676569917808&jobListingId=1008412114180&cpc=1160948BCBA38B5B&jrtk=3-0-1gpdlle39jiil801-1gpdlle41gaji800-47e7b76412a682f1--6NYlbfkN0BZmAA72xs7zYBCYczXdT3UDOwn7KsBAfQ_7jIGumHuCD0sS3oLTzbXG796a0bz-cFUK984uOqBCCHWu6frT0YbiNCAIGUgRe9zqxsi36Pp7xHTTO39aYmV0EZH2gYWdMmAiN821AEt22nLkkepqjkg0CN9gg8yecmj9Py4ZE06J4RHzk5TbqSZAaW6QLfL6a_JDdclyjvmSxq8ZatG12m_0reRi1d3H6nzGiJ7bcZZkYymjfkFYV4dU6ugJCI2M-se-tIXbpHxLFzvXlf3zvX7uBD-jcbeqBsVOnAOg93I5vhuXcCyWITXe0Got5Xj7L1YF91ltNRlu2LdE3JrbFOL4D7fXO6ekZhqcevrgs5c_VkO7ttwVUHCTLX_5vEOTh6kQqGdfom52Myra7RCUn0GGomgie5m8XsAkJUBavQjzCrQ4RspbIOC-kRn-IoL82XzuR0csQ0txRKmPfRvpB_DsBnJFJcsij0LWy7Fwphl6odkVdw-bPKUXrlOgQDJyYHs529O4kf9-dRP_XI2ATQT79pXz4eQ5j69HgPWeaW52ZbKFqIPCjmAK3vz63CEYX4q30XZ-q0s2CLlQzkbwrhL,2023-02-16
Creditime srl,Operatore di Call Centre,Lamezia Terme,,Oltre 30 g,https://www.glassdoor.it/partner/jobListing.htm?pos=209&ao=1110586&s=58&guid=000001865b5ab83d92816ecb42dbb33c&src=GD_JOB_AD&t=SR&vt=w&ea=1&cs=1_852359ab&cb=1676569917808&jobListingId=1008319755502&cpc=A0032DE20586B9BD&jrtk=3-0-1gpdlle39jiil801-1gpdlle41gaji800-a111c4881a7d3b94--6NYlbfkN0DPOXdBT33-r51YM9nvJy2SW3_M8rHjqu9JHTUR8hTkvN6gHXODSRnmp7vrF9yaHU1FdD26jeFRCgAlmxbEXX6GYoEFSPq9Yh6sA4yBtKahLtxCJ8vQfuzYlZ6KzGupL8imIur67niGmqBgX0CHrE3O1ex_6Lin5GNEUrAMuQyxlUaYXM6MZoc0AgEiW1Lc3yBiNZDbuWJmaGfCmeESgLJ7LUqdNtDu9NAO-iSKcdl4V3qPb5BNNcgqfxJXNys9ECqWQ0pfMRZ0NdkMz4KgfnfjPfxXF4nSwT6ovRvlnsGZWqnIBpqkEEz2n6DHp6hhUka3L7rIHt8OUyjNGCs-K0fnM4A9inZr-pBirXNyCiEXDB8gVcEIurj_bm3_bVRoafS30oGh0PdhquFxb1mjMgMNYBlpRMsQhTFqhTflht0DXSGixRvlTlAYIwYJTqR8bhCJ4Ma6WJ-NvlxhPEFR1IKiy2soFI7HiBhLjS5Qphc1nOiu4B423j21v1kjQFXiqwZNY1Hw9_JnLtb-_wCUl8XwK7pQrfGRrqfAK-4Dv0oxLFsgUWRVs6TgDcrP8hZn5kPkHJue1TsxfymeGduGdjds9BwLp_6h6Gyxse6JmkyoIw%3D%3D,2023-02-16
CARBONE SRL,Addetto Alle Vendite,Cosenza,,Oltre 30 g,https://www.glassdoor.it/partner/jobListing.htm?pos=210&ao=1136043&s=58&guid=000001865b5ab83d92816ecb42dbb33c&src=GD_JOB_AD&t=SR&vt=w&ea=1&cs=1_9d8f81f8&cb=1676569917808&jobListingId=1008240573476&jrtk=3-0-1gpdlle39jiil801-1gpdlle41gaji800-1d9ec20b29a2208e-,2023-02-16
adecco,Rappresentante Commerciale,Cosenza,"<span class=""css-2lqh28 e1cjmv6j1"">3.7<i class=""css-0 e1cjmv6j0""></i></span>",Oltre 30 g,https://www.glassdoor.it/partner/jobListing.htm?pos=211&ao=1110586&s=58&guid=000001865b5ab83d92816ecb42dbb33c&src=GD_JOB_AD&t=SR&vt=w&cs=1_f01a306e&cb=1676569917808&jobListingId=1008331607211&cpc=C891152315FA1AD8&jrtk=3-0-1gpdlle39jiil801-1gpdlle41gaji800-e6e95e59bd67bd92--6NYlbfkN0AnZZki9slEX_z63wsqeqef2QbFTCLB32XeLZxhwflwiRdXftf8jmFK20tfsy_nKZyaX60gAZ3BqWlrKzqa0lDJ4muqvX5WgPuxt0odMtqHzqpfVgTLyLQrmZJPrXO5savGDoM9zKMOVu93xxrjZRi2uk50WBOvR6NKq5honH5YO7R1mEmHaQ0_79HG28YCxvrXCx5OMXmrwtuE6iWhdUzADhmUp7OVGTwdqQN3SfNOilT5ZbeD5eE6Fku46gd3osb5_2YvdgJ5O2VOagqcBjGeGMyHS9w0vCmqHIygodbCfPc2HrGwt82IKV9KUc10ZKWX9pRU1_YLNfpsS7BAp0G2L5iB2GPMy8ztUKp2Na_xq2EOR7nrVcJrgp-lw-Hzgq-IT4j3rNBwg2d1_fTCJcCd2ff6VzbCy7O9zr3tUFgqVdIrzKWUlIYVdocXjPi2NNRWUDRe1xuQKMfWJx8g2xoYRxOi6BFpvmPLKc1x7scfzkcSIumAtkzoYweM-hUXEWD7eMOmempbbtGmA_EafYUb4LOySezN39wUKpJl4nu39VrPtqcZvvE9_1biIZhND8TsQnAGiuoCeXe_4E9Chehi9WtNSFPAKO2it0CSCI_VLEEJSgiaUtfqA-dGKaA_VxhR9IEBbke3wQ-uae3OKiQqdIXP9fRAmfyq3dZZ4_dfVe-mBeSd9F4xsI1x_AKqXJDGdNqqLt1jlRlCWMXvr05z8ewH5A4Aw7JSzEwMPiVW7SMiwf5klhBpncSdV2RPXTUjIo4FJUSttayspGPBD0niihXQ2NiCI_r6ga_fYpF9jHJHHJI7BKIHGKfiUjUOSwNcGhjwdg8jwTIdzp3ElgbINicZwPLeVTMN8kxbKH3wOQ%3D%3D,2023-02-16
La Brigata di Goa,Cuoco,Calabria,,6 g,https://www.glassdoor.it/partner/jobListing.htm?pos=212&ao=1110586&s=58&guid=000001865b5ab83d92816ecb42dbb33c&src=GD_JOB_AD&t=SR&vt=w&ea=1&cs=1_5da1a465&cb=1676569917808&jobListingId=1008464012354&cpc=663B5FE45D73772E&jrtk=3-0-1gpdlle39jiil801-1gpdlle41gaji800-c52de1062c5c9f66--6NYlbfkN0Apqnz1NsYW1Vyv0k6bHKt60jQP1xOGDGNcKZUtEUwtYug9AFTkNFo74UbFjvpLzJcolunJBKJECvdCPxX5T9tZXetKwSmUpaK7ynIjO4LVZhLwPYAYFyOZumwBf01xvx7ar2uW6JlnT3I2_Av35ATpm9UpY0s8wqBdcL3sNJpMxHvwClR4nqZgy-8sV47FgK65qRuh-WP21MbRKg3wbkhhWJBeejQJwIst0AgYgkSMvTGGR7pYqFQuso-lg9k44D-vOTADcNbixh0FD2dpIoenpc-2k3WrkUK_9P6ZqxjNUO_NYBdbsjouseZRiMb9-QLlM9xSLWU_nTNNlZeq162hWvGBaK08IYGfB5RjtxsdkKxYdFzpD6s2tQSKYN4SMF4LO450wYNx_FmzJAEi-dxpTnE6bYX7Dw5tkiw5VvqVP_-btsqRWSAS15a4nNFNyt7iXBRqDu8_JX8w163--hQ5Qc0EXkpWBzye6PkTUtLBezoHtPOqlY961yj9N7wFLow9FRANeuLRS-BPSxfKspHQRvnGqNZSaJ-M_uPdMxb9ebZBQpnWdGOraLud6gXLUWTtjX2IrXRD_hDr4_Sfewdx1DlBd-w5Vp-M0EQI6Y4Vuhin3Z0tQm3T,2023-02-16
iGrandiViaggi S.p.A.,,Calabria,,Oltre 30 g,https://www.glassdoor.it/partner/jobListing.htm?pos=213&ao=1110586&s=58&guid=000001865b5ab83d92816ecb42dbb33c&src=GD_JOB_AD&t=SR&vt=w&ea=1&cs=1_1fb3e567&cb=1676569917808&jobListingId=1008358068446&cpc=6A22310A23505C64&jrtk=3-0-1gpdlle39jiil801-1gpdlle41gaji800-c780c48a94c4ecca--6NYlbfkN0C_DMmGw6zdza1GUwdyXJECOXNwL6RH9e2RFv1Q_CRSVfvrbHe-xKnRoJGhTLxtaXVJpytJhGY_wdJxg4G9ctYi9-mGeg7HzVM1_06V1R4GfyoCz_ItrgjHR1rxM95SdRPNMGahh4PWAEjtOAasRA5dFpzIo3pGOQTgqnaH_lJPLCRAVIsvNSJ64iPkd_CV8YdD6mrxkRLllLqT6RK4dEts-JMseHVO1H5SmxYlMm2YHru1vZDzlykF-i8DFJl1FdKvBONehrVPWrDZTxQYy5wtkoj6n01l-CTqliMv-7y8wjNPhy02o_I-s0rbvNQMXO9F0t8tL7QOatbE0Ih6sjzTGZEHF6ZcAulIxajDObHtLIhfpqP62psHwTPUiih3vUCPhl4LoktN_6cj9ytNtgMzlQfQrwyXzjXXsSuDDiOYui7ggHQKvjmKAnhWofsL0dCn3blkWM4eT9hxjkitKdP62TmIyekEO1TEyr4epWXBOnrsEJSQsa_9WSDOV-GmkjHdfwn2VtGn_p8ZjVUBg0_bqs6dSRrmsUCiU0PasixLEHsLG_KqNdHNhY5nNW9OZ2ClOZ35neJ163gETqoiE5z5mlX3Pjr-R-WNkQEyewBNtA%3D%3D,2023-02-16
InnovAsset Srls,Segretaria,Cosenza,,Oltre 30 g,https://www.glassdoor.it/partner/jobListing.htm?pos=214&ao=1136043&s=58&guid=000001865b5ab83d92816ecb42dbb33c&src=GD_JOB_AD&t=SR&vt=w&ea=1&cs=1_737871a9&cb=1676569917808&jobListingId=1008271432609&jrtk=3-0-1gpdlle39jiil801-1gpdlle41gaji800-43a8e426b4201770-,2023-02-16
Happy Casa Store,Addetto Alle Vendite,Cosenza,"<span class=""css-2lqh28 e1cjmv6j1"">3.2<i class=""css-0 e1cjmv6j0""></i></span>",6 g,https://www.glassdoor.it/partner/jobListing.htm?pos=215&ao=1110586&s=58&guid=000001865b5ab83d92816ecb42dbb33c&src=GD_JOB_AD&t=SR&vt=w&ea=1&cs=1_99bde0c3&cb=1676569917808&jobListingId=1008464491891&cpc=3BA4CE39D5B5DEF5&jrtk=3-0-1gpdlle39jiil801-1gpdlle41gaji800-90566384cbc2848b--6NYlbfkN0D8jtELeZ2DSjG172ALOKTvtzTTHVc7H3djIxsdTdrG6opdHVuvCnEkzgxrvKFa0NIRKuItTDVPvZ13IOGitpG9Trca3x5R6--ME5hVw6nk2CIkMItSBsnGipVRPVjSvpoOcsFUlfRN0K1A8fK9yTFBT7DB00MBK1ty6XrPixDMif2PETSSzliMZUgZ1yOIEcQgITA5zljcY2x8S8tlGHGFm2NJljdGcVxdhTp5x2_Ea3ARTuGikFnJMZ4v_OC2XAIwNqJLS9GnLXXYA1kz_hQFTdSo-AaCFh-QbNnvEBSSxi6T6P3PxcMxTZyF-dLin5dDnkvBtOpxLjRkB39ZuKjA22yIlalnDTLTjJFw7mlBYnFsSV1PGI6HY1yxQ85DmK5U0vtt4r0xuw-9wa6zUoGdTpEAppB99Uu8kN4Q7dwm7sMklQuUHiWlasx_0_z658N8twylCfi4ACHh4nidhVi9genY3y98PNcHnxnN3aOIH6EeGa0rktf7hC1wY1wH4FiDi5hw7LLySLvG9NqyMy29eHE_NIEU9aZtf_1awF17KvXFIfAMOco4OfAJF4WB05NgZaqxV0mxbAWjcvg7HRSomEVA_cWnjB4yHeuQPBkqFX1-vBhFkJjcLmMfqv0PaMMiHES5GD86Un3V6JANNF6gO6b1qU8D_Uz_XMSpQ8YhgMPnR3j2WhzzTc8_fJQho4w%3D,2023-02-16
Valore SpA,Rappresentante Commerciale,Cosenza,,24 g,https://www.glassdoor.it/partner/jobListing.htm?pos=216&ao=1110586&s=58&guid=000001865b5ab83d92816ecb42dbb33c&src=GD_JOB_AD&t=SR&vt=w&ea=1&cs=1_b6179ba3&cb=1676569917808&jobListingId=1008423911232&cpc=FB7E4A1762AE5BEC&jrtk=3-0-1gpdlle39jiil801-1gpdlle41gaji800-3d32293ed412f485--6NYlbfkN0DPIq6vC6C_WCwxB2D4ABumDagDvTpZBYmSZNDe7IgdsvlD76q5cmI7LHJ1hwapAtRwGrYTk-LPQfAEd6hg67sgRnye3uBmbNmDZoAZfFCBIyonUjvOScTlchun6eCjbtdOo_4wiu5OLp2LcllrgsMjE3hXlrnVZGKGDLUIbSEakItfXRvFdr-Xzztdiqu9Eaew_qNHTb7kWbF8z0G43eCD8e2my8HbtpzmtSiEb_UktXOh5H5b5nseT3TQENe6svWdaVtfjBJPad5E7Nh3h10y9zc0Yc9NIx3jZzZdlZ-KMrgLHqZ3eQx_0vwULaV6ZA2sTkxTel8PPL-2xfzbZYBemFmpnXaKVnPM_XkNLy-rfgKSa5FfuNdSUmBGgEZwFUmbOMih5BLBjs1XeXkVjaGOpNtDlTU3qDrn7YeMro_qqaEYfJPRNVPR8MfcJqmfCCrSl2BJN6thGIeTrHftYOjreCMkv7UN81HF8nSDFeM4GQs8VaBF8DxQUndM3LwcINPHDL07nTQ6J75YuglpcWoeG9wxyCYL64c3mJU2KNkCadhUKO3QTzZSmYMrF-eZ0lzIlRUBaH8RjjvSpGtm5L1Kh4veqE9UgYg%3D,2023-02-16
laBconsulenze,Contabile,Montalto Uffugo,,Oltre 30 g,https://www.glassdoor.it/partner/jobListing.htm?pos=217&ao=1136043&s=58&guid=000001865b5ab83d92816ecb42dbb33c&src=GD_JOB_AD&t=SR&vt=w&ea=1&cs=1_8a7e05f0&cb=1676569917808&jobListingId=1008381796803&jrtk=3-0-1gpdlle39jiil801-1gpdlle41gaji800-0cd231757f57f3b5-,2023-02-16
Europ Assistance Italia SpA,Addetto Al Servizio Clienti,Rende,"<span class=""css-2lqh28 e1cjmv6j1"">3.8<i class=""css-0 e1cjmv6j0""></i></span>",Oltre 30 g,https://www.glassdoor.it/partner/jobListing.htm?pos=218&ao=1136043&s=58&guid=000001865b5ab83d92816ecb42dbb33c&src=GD_JOB_AD&t=SR&vt=w&ea=1&cs=1_fc3514a4&cb=1676569917808&jobListingId=1006364455076&jrtk=3-0-1gpdlle39jiil801-1gpdlle41gaji800-eee5121967c94c6a-,2023-02-16
Euroform RFS,,Rende,,Oltre 30 g,https://www.glassdoor.it/partner/jobListing.htm?pos=219&ao=1136043&s=58&guid=000001865b5ab83d92816ecb42dbb33c&src=GD_JOB_AD&t=SR&vt=w&cs=1_6eabd2dd&cb=1676569917808&jobListingId=1008373252620&jrtk=3-0-1gpdlle39jiil801-1gpdlle41gaji800-16ef494b1c8bb538-,2023-02-16
Om-Group,Rappresentante Commerciale,Cosenza,"<span class=""css-2lqh28 e1cjmv6j1"">3.2<i class=""css-0 e1cjmv6j0""></i></span>",17 g,https://www.glassdoor.it/partner/jobListing.htm?pos=220&ao=1110586&s=58&guid=000001865b5ab83d92816ecb42dbb33c&src=GD_JOB_AD&t=SR&vt=w&ea=1&cs=1_b7bebec1&cb=1676569917809&jobListingId=1008437157444&cpc=56C4EA4A1A191A49&jrtk=3-0-1gpdlle39jiil801-1gpdlle41gaji800-984d005c7277cd63--6NYlbfkN0BwTpp95EC-n036T1pCuuSEV644awfX2DdPMk4mWodT_T2Jp_fb3W9Mj_aG4HhzpaknF5056PI_ke4uZeOBUNhtvv2-aczowLyG-XCcO-7ocA4UTTrSJ1BXtm4uetjHXfGJ6Yke7yqHKcQptuR0_NRkZ1WwB7uhevmcpRcJGXG_lZYIYAjBYzDn8aFiIxx-Q7d3hqscG4PKcgXVQ32yM3WuSuMwrZKsnf-Q6jsvnk_GbrZgAGEjlxp79vrNkiLAra1wo_GxOEDQS05N2eh9WuuUU-Ybgio2dwPNKZpsHy-Rhf3RoYNQVwPy2YXh3_Uui87uAuLCCLDpCPXopshV-n_GGmTq-3sf7pAsm0eL0mjCTIPUcWgVopCG7lYkuwQbmgmpYbYcT_tfBKlQCTRBX2Z_NEA-HbsNnmTvLv-ZbjvePFb_iOf2gfBlerH1YIaLDHLBJa9MYnygpYkSkElq2tetzIor2Gcdv6-cEzPK6I72wnPwedp7xEh8pcyL3C-ygUoJJE2zSkDD7Eg5SDt-4j7U9o2rr_iIjbT4U9HAooLAKOce5biNTZj8MvpcUCqVgzxZ42FPU_DCCg%3D%3D,2023-02-16
SoloAffitti Cosenza1,Consulente Immobiliare,Cosenza,,19 g,https://www.glassdoor.it/partner/jobListing.htm?pos=221&ao=1110586&s=58&guid=000001865b5ab83d92816ecb42dbb33c&src=GD_JOB_AD&t=SR&vt=w&ea=1&cs=1_609e5af0&cb=1676569917809&jobListingId=1008434928226&cpc=5EFBB0462F9C6B7A&jrtk=3-0-1gpdlle39jiil801-1gpdlle41gaji800-cba6eb4f284020ab--6NYlbfkN0D3p6JvQwItJrSQhMz4ayRJn6zGsCz3K6eISkkPEhVnXz2tYHw1afqrZF8Xxsqyp_X5_nV4NEWUrphWpJb07fOaMhqADTNV5ZhYihD-TD6lh7aNCOTcbitI9W6MdGlR0JU1nyn2r2hKSbzis_QE5W9LLNQsFAvD_ms3bEG47hcsWYXMl8MaFEU_yaihid5ZkmIqHOvZIK27QoDg38d1U6rbeyyDKznZBtaBObDPPW6gZ9_KhFrD1n5da8dURA7iTaXNW2-8v3S39Mi88Y-DIV1dgSkdmrEnv2H-xeMxUR0tmbZ0VHkNVdb4tU28SBWB2p50qQVGUkPTz5UNKr8z6Tu3pz77fD_s6Dch1Xx0eQ0vR_RvmuFY0ZUNdioaeatpFGe8TtLe_7DMJcmk2qPym6f7QAcARx0ftOax873e7flEHrqwf_1bdZuKLWqdG272v_sck9sTlJvlUDeKGUQumMrN5tI3URhaxdUcr8r6O-UM0eOvpNBVKvAD4CuB7reRimYqL20SRW3f2iHr31igMDjAoH8ctNXmCPIi5_Bu9QmAIF7NWU55gZmoL5XMWWkk-Io%3D,2023-02-16
Starcall,Operatore di Call Centre,Rende,,7 g,https://www.glassdoor.it/partner/jobListing.htm?pos=222&ao=1110586&s=58&guid=000001865b5ab83d92816ecb42dbb33c&src=GD_JOB_AD&t=SR&vt=w&ea=1&cs=1_23c6e72d&cb=1676569917809&jobListingId=1008461897254&cpc=FAE5E775D180B2FB&jrtk=3-0-1gpdlle39jiil801-1gpdlle41gaji800-862a6841b7e7af29--6NYlbfkN0Ajy4MKuIni8UV3mBby8Gdk8yNHG6EJlSqgnWEgQlfa6z4qbXkyX9kFcMHyB3oXOWHv0RYVxQDRIVpbOpXDJM_Fp3b8WpYC9WCv--7MCprvaoeflmCdSva2hiNpoAOXq8M0NYli-LgtxuMMrjJD28DtGhRZhon-aI2GqWMNRKzd-2ODbjxGDP6iuj6yGVc_h2QORl0YMGsdwMOyFRSLnnyGRbY85jJywlbxryGYRSY6h4LCrSLKGOMrbCchbxcK0ZtO3o1Zw9yT10NkSpauNlQmNOct1vKX6NM4McpdLKq4i9gGdhGCGdJ0gqAziL9oDdSPUPiDcacg44S9XDfjB-U7ikpT9cSMnRNGw2kH-2cFGnxqzzFTVRiIyg2fQQfWGxBvaonvJyv74sFhiYoCAklzJy3b4wZzZQlvPVRKYas6020WjoWVNUjsHXmPycq8dA_YhtahbZ-SaQwrfDcITbA4f8lkWjN5-YwL1nOWKGnxJlrHTtihc2refoobm0WKEyM8O18AmkkU1BVJVU4eXcNWhnQoyod0051Umlw6a3WZXDUizdPoI8ni6YNYOftBKC4%3D,2023-02-16
One team,Area Manager,Cosenza,,2 g,https://www.glassdoor.it/partner/jobListing.htm?pos=223&ao=1110586&s=58&guid=000001865b5ab83d92816ecb42dbb33c&src=GD_JOB_AD&t=SR&vt=w&ea=1&cs=1_777f5e5f&cb=1676569917809&jobListingId=1008470499237&cpc=47CFDC01B3F81FAC&jrtk=3-0-1gpdlle39jiil801-1gpdlle41gaji800-03a6bb588bcbd75f--6NYlbfkN0C3fO0H53wLiGuhL-TmvHTJrOnTBWDZMUKoQIA-ri2AFWQTvx7pS3q1RNrJ1LkrjIoc0w4JNZ0ptKmdginOwJah3AdRhhhv_R7i1jcFe__t4lbi90aFOp1Z2XRaHJiYAgk_qS8rVtAyaklJ67UM1tpAcHLR2fdhTq51jxBOtZszdV8KdzMY4lMJY7nCvOh-Rg3HA2bubR40GNHmcetM9DtVekIjCwxK9hC87wRkWVN1KfUKWdv6X-FcGBqEuvyHrjZeUrhJl46VYf-Vx-v1V2-HLF3OOJ-b_uxsw1yCAa22ZxitNQVjQRioHh-FDugPHNEUtrNTRVvQaVGV9L1NHmZz0wBJMFgRqJfQOoq4dXqVInVtLkelHu8B0OUc2v5nmV30tC4yMIhfcfKMYKyXUcVj3euVjRgb0B2SOUdvPS7SimUkS9kPg9M2oH6FIlN3T3SYpmCHm6TS8W7fJuVe_Jv1dbc33nJtbhj1ei8BvGn96WtZ0RcCe8DonWwe29BAJ08u3IA6-n-uLO5UFtCL7xXxOYxJTmD0gDdJQtbvr2FyJujj0-GYSBmJrv1a8ZP7t2TYrgzBgc2J7A%3D%3D,2023-02-16
SORBINO,Personale di Supporto Alle Vendite,Rende,"<span class=""css-2lqh28 e1cjmv6j1"">3.4<i class=""css-0 e1cjmv6j0""></i></span>",Oltre 30 g,https://www.glassdoor.it/partner/jobListing.htm?pos=224&ao=1136043&s=58&guid=000001865b5ab83d92816ecb42dbb33c&src=GD_JOB_AD&t=SR&vt=w&ea=1&cs=1_971db79c&cb=1676569917809&jobListingId=1008307799588&jrtk=3-0-1gpdlle39jiil801-1gpdlle41gaji800-8fa7b8e2e29728ab-,2023-02-16
Fratelli La Bufala,Cuoco,Cosenza,,Oltre 30 g,https://www.glassdoor.it/partner/jobListing.htm?pos=225&ao=1110586&s=58&guid=000001865b5ab83d92816ecb42dbb33c&src=GD_JOB_AD&t=SR&vt=w&ea=1&cs=1_57702068&cb=1676569917809&jobListingId=1007888276792&cpc=48B9F4758953335C&jrtk=3-0-1gpdlle39jiil801-1gpdlle41gaji800-2614196992e2923f--6NYlbfkN0BH1juKZ6gYN3I4p-So-evhdc0e3OutLHuMPDtK9Az2MOnx3WDTtIz5WJWRMEqW5ghP5u08ZQkhdJ8f7G8alfCp4aFUYBqXgOe_kaVKFgm_dICHgmcoB8nrJJBFCaP2SNbgVRdhyL0bUTBKBYVVzx2_0pLxhEYH84wchPT5KggmWlkgyl4A3gK_ESReu5JkkiGzePZlYUPSnG00DeEomg8pZcMTWYXfvOVnLq2julfpoe30CygUwjKJx9q7YvVJJxLN8rtue_02k2o9S7E7ffPyYvcuPxDAbU3hyX2WTgZFhrElD9gCPaliz5hxdG9oYoct7Bdr5j9vfdsEc_xe3MNrH14EyHA4SQzKgIfZdTzkAj3tDWWF6j0fdkdOxEqnu-0UoSGVmCgz-i8aYk4hqo0Yd4aG4GFgj0v_kSW9uf3fspZsEOET-Ld1Uz6NE9qaDDqxWVq-dMSqEW4ohrYe4fY-GVhmP7FUOba_SEIBfHAK8dvXfrME-JDgRUJ1_u99YpGrmCwzZadNL8Jj4JXLa2cQ_urs5huWnSLxYISvxf_Mwo-5XyBKQXXf,2023-02-16
Amplifon Group,Responsabile Account Manager,Cosenza,"<span class=""css-2lqh28 e1cjmv6j1"">3.5<i class=""css-0 e1cjmv6j0""></i></span>",28 g,https://www.glassdoor.it/partner/jobListing.htm?pos=226&ao=1136043&s=58&guid=000001865b5ab83d92816ecb42dbb33c&src=GD_JOB_AD&t=SR&vt=w&cs=1_4c43b8ec&cb=1676569917809&jobListingId=1008416095564&jrtk=3-0-1gpdlle39jiil801-1gpdlle41gaji800-a20382149d11350e-,2023-02-16
360 Forma,Tutor,Rende,,16 g,https://www.glassdoor.it/partner/jobListing.htm?pos=227&ao=1136043&s=58&guid=000001865b5ab83d92816ecb42dbb33c&src=GD_JOB_AD&t=SR&vt=w&ea=1&cs=1_73066cbb&cb=1676569917809&jobListingId=1008439573802&jrtk=3-0-1gpdlle39jiil801-1gpdlle41gaji800-7f51573e39c99fe8-,2023-02-16
Informazioni riservate,Rappresentante Commerciale,Cosenza,,Oltre 30 g,https://www.glassdoor.it/partner/jobListing.htm?pos=228&ao=1110586&s=58&guid=000001865b5ab83d92816ecb42dbb33c&src=GD_JOB_AD&t=SR&vt=w&ea=1&cs=1_487eafe0&cb=1676569917809&jobListingId=1007623683487&cpc=9DC6E4D8324653EE&jrtk=3-0-1gpdlle39jiil801-1gpdlle41gaji800-c1b596263c8c8897--6NYlbfkN0CTBRIGt4VZm9t6dsBbXF-XUIN9mZ09KedXhNVnmOkuK6uuWdwUnCGWIRjWPY_EH4pNBBjyRZ_09IIZX7058HO_Wc2UsQb7dcLPFrPDUFYuGeXAIKF3rgpLLccugSmxsqLIaRlaiKoI0NVW8JRw_vjKxxRFtPj2O6o2JjOBmw24lXYWCwAhS45XF03teL7FyXi3H-ScdwicqaiShhXZI8EtgRVtuI_U8sdPEbkXZWf98X0ddBtp4o_m4Z4T7E-8ezCzRH9OSR6A0G7X_9ram3yHl-gl84mzNoQmlYg7Ivf9gZzQhPu69I_rSqCSw6eCOj1Z10hdfZnzb2lI16CgUSI8-KwJWH4cxU10J2CwMzs5IYfQX5FIt8fDCFzevenRySNOXHrVTo1b-i78Ot9rC6bkn-6NTKxOW6CJCQ-wzTGgJkwx-AtGSM9OobRnZ5HPSTF6e7DRoP9XbjltbhGRMY0Bamwz7nmtSl3xLlGALdAV_bdLD_j4NYu2KQvrcU3QvPQWt6h0QtLdYxJNxFbmdLgj2y_jkWA0yXqj_5W0AgMsyMLfaAVeikJCShOEMobINc7W9eTBJS-JcgENt-AsS75kCajxT0wrIvy2JziVsFeLgA%3D%3D,2023-02-16
La Cremeria,Addetto Vendite Al Banco,Rende,,3 g,https://www.glassdoor.it/partner/jobListing.htm?pos=229&ao=1136043&s=58&guid=000001865b5ab83d92816ecb42dbb33c&src=GD_JOB_AD&t=SR&vt=w&ea=1&cs=1_20ee6c85&cb=1676569917809&jobListingId=1008468657958&jrtk=3-0-1gpdlle39jiil801-1gpdlle41gaji800-f7e1f9f53f7d8253-,2023-02-16
Samer,Commercialista,Lamezia Terme,,2 g,https://www.glassdoor.it/partner/jobListing.htm?pos=230&ao=1110586&s=58&guid=000001865b5ab83d92816ecb42dbb33c&src=GD_JOB_AD&t=SR&vt=w&ea=1&cs=1_111f1982&cb=1676569917810&jobListingId=1008470960792&cpc=F4EED0218A761C36&jrtk=3-0-1gpdlle39jiil801-1gpdlle41gaji800-93bae60bf394e025--6NYlbfkN0DIIX33XYdlLb1nipsSuPbMGz8S95wQ7wDAEmkwdWUk44LazI1uc09daogEoJAOw5GYKc0V34Fe8dHFtZ8U3caRXGZV1iuLdkUcZL2RTgYx3lJJehVtVvjsJ3X6VfyCoH1X0WVDkSbIABQAsPVLrkdLRWM7UZhW9cO1juAoMgWv8pLJBomC8hSsEyC3hpIiA-s_iX306lcLRzYJ4uIk3gBbGCgB3FW1GbgoVpxv268rvZNGKwGKHLb14Dfi3fYF2bzL93QHXEn-T_73fDllhyx45-DHqOD3qr5ukooBfnnLjeC2njYVp657BdtueFuCg3jG-pyuplSzi1b8lA_gneEEsTBMxwCNcA4tE6ehC_rvWnpm-CvbSuE5Z4WXkDVYEpa6Rm-GNMo0-fmcCuw9zFwdSrj0cGHqA6CRaCBAGMfQK5j5xe53YGL4keiQdxFoI4vRnypfmDYMKlP1lsE1WoCWjJ2_e6E0XCHCNdVkN0qkU_K6UqfkGIzFpNCd7wkOfdJUTKTT_kPUuku8NqSjhITtPr5tg3EUtgtdbbKxBabtVWcL-3hyd9Sux3WJwB_dsl673_rHYQ-0wyi1ku537xatLa16sXhf9h4%3D,2023-02-16
