,company,job_title,location,company_rating,job_age,job_link
0,Zorggroep Charim,Medewerker (M/V/X),Zeist,"<span class=""css-2lqh28 e1cjmv6j1"">3<i class=""css-0 e1cjmv6j0""></i></span>",18 g,https://www.glassdoor.it/partner/jobListing.htm?pos=101&ao=1110586&s=58&guid=00000186308d58a0b6bbef4a315bb7d0&src=GD_JOB_AD&t=SR&vt=w&cs=1_470ec688&cb=1675851815924&jobListingId=1008419345986&cpc=439132017C428432&jrtk=3-0-1goo8qm5uii1t801-1goo8qm6ih7hd800-f4eea9e3822db3e2--6NYlbfkN0DkoKlp3KZrhdMzUy9DeBNz6fk-jvwoBTOvCasu_9UH4QOIuDMngheLAMEZ_H4sxpuA_suWybtnrDeO2qEOkEXk9AlibKdjq3i2L2asR_UFc-jxbBUwaPYtO-fQH307ro5IaOBF1nZtgT9DVUta4IaGBCzgWvwl0Y9ySyr83NUo_XlCxsLb6dDYugNeym-0W8rw0dsYb9MjP9nbfvhHPMZLlwvPAHKo3SW-RXmZBNcWQ4uUC_N8tj1sRl8i5gWTRIOx-f-C7djdgE6Y3Xs8b4w2MQKVf7srJOZvLW_WA-P-EJ4AQQFe0YpA--mGP64lGgra3hl2xIJPsES2YlfANHX-hC9Jm4zjTjpuLfI3KzhCmguC-c0m6Gt94aEc-IMqehM8NmY95zLMA9uuiEjb0XtjWUsyuY_YNzgU62rM6HlEhyrziWlsY0_79Lr4NtUChEwUx0iGfUWAvca_zt9fbcrR8i-KRPVaz6loPYQWgnRKsR1WlExeFPwK60AO7Mt7fjAID1TjrP1phg08Gy_aodSpU0yR23Fg5ys7Ax_1dSlSupE-cm33AaF-ov5EeEiOLAEK68pugdFA5f2waaPmfeiDVdDxXbpF9uqtsWNrB4DQswkj3ClBIxoIROKA70xqVAqmd-5fIzIWadMYZi2LNFiOY9fJZeONMPnJJAM8s7oKXk_2WRN6dYxXTRsdUXJU2ZOwafnS3cEnXHC9zuESL7EOw0kpM8P-r0X8DJzsJ4DYCIqOQEo3MEmsuHor4LCb7w-3-9udVcdN51bedeBY6hT9
1,wijkopenautos.nl,Automonteur (M/V/X),Amsterdam,"<span class=""css-2lqh28 e1cjmv6j1"">3.3<i class=""css-0 e1cjmv6j0""></i></span>",1 giorno fa,https://www.glassdoor.it/partner/jobListing.htm?pos=102&ao=1110586&s=58&guid=00000186308d58a0b6bbef4a315bb7d0&src=GD_JOB_AD&t=SR&vt=w&ea=1&cs=1_4286e4d7&cb=1675851815925&jobListingId=1008454147965&cpc=78DF92AC369A0A81&jrtk=3-0-1goo8qm5uii1t801-1goo8qm6ih7hd800-752a85142cd82bb5--6NYlbfkN0BlLVc4zP8i2o7LAkA3t4YW3qvx6xZ3I_iC5CigVSh1swSLsrwAEJB3zraorB9gWJ_6U25Vaeu6TBxiBQP4fA3lQPVMhuYeMZOL9sPdXO23zYrJLtfWOjcxojrAfPOdcVd6z2-NXQjq_xwwPzIhVXFT9uBTTbyRzd6487euTOeehb5Ub3Jl3KLZtBt6wVEsfFZPRjvC2euMjMDxUsQQVhAWlLt3fTkUNg_4eI2CFK0vD3PaDsnIFEN6x2DhHwxU4tULvKcoIZUQu-tdEXi-EzS9yo4jKhMYvwDo9bpqMd28jko-5Fsa72iCqiCCpSIe5btOZLGmpWIEMBpAYQAvqj1CiFkohlvRGjdFUqeLSg_VT04tWKmgHap91PBCJdEZxY4Vgkd6t1Qss_L6ZfIK3UPAMaT4qV5_e49ZEFwSjqmBtZwu56C-eUtEcPHX7AdBWu3jSsDqC6JmNooUK66V1PGiBq7T9RnubKFkAfBCy1rjjdPLvAJ6XLPK75BvJt_Q2iYZFGYzqRRWGKhegMBBfT6s4kVjckbyTfdBR90ZxTe6qoHy3b3Zdz33-iPiJ0bHBmRAS1s5cj9PWhWWTYg8A4FclWYtQNzuZAXpro8v9pSKReGOl_x4HoYbeDXEzJRbdMA%3D
2,MEE Amstel en Zaan,Elektricien (M/V/X),Amsterdam,,Oltre 30 g,https://www.glassdoor.it/partner/jobListing.htm?pos=103&ao=1110586&s=58&guid=00000186308d58a0b6bbef4a315bb7d0&src=GD_JOB_AD&t=SR&vt=w&ea=1&cs=1_a8023012&cb=1675851815925&jobListingId=1008250605207&cpc=AE1C4A29E5620778&jrtk=3-0-1goo8qm5uii1t801-1goo8qm6ih7hd800-446837dbcb594453--6NYlbfkN0BSzy5Ly3xcQN8DAIuxHonf7K0ic7UzLaMdIWFrJ6t1XH6Kyhxnnb9M-qjhNg89DPYr4Xg7SHysqNhYDBXukMJGcvX5ktggRo8ZfNNzUJcj9fCI913x6uSphcqb0r34AJtOEskClZp5YMv8Wr57DITxc_lOI1Im5s5la8v6KqPmgWjcRmw0t5rOUjHS8n1FE7JmjMDvgPtUHdBqPOIELPiNDfmDBtCbqdQHSOILhGIG-Q6pMrKt8yYc8aoH6xTzlidD4Y3kQ_sd-YSw5FIypXgmQkDCtGVbr8v5HDllrYpZu926bHznJFq0FzUlQ9sTyfH28UpnbrMimq2RehHcW0rZcvG67s-HDjtgTAsWbyC88Q9ztlxhiseWDaWd5B-hfW1GyCHYWBYwXgRXinHecAPOeQ9J63D-Wtkw2Tbsqg1PwMPMIz15qK1aODDmfr3mtaMXnIPRLakbHlmCb3SmedeuAOFDpsftV-PSgwarFGPUrUVl1tShP7I04aYmCYKnMXvt7JDSkElwejmFn0diBNfRRCBDm1fGwW_Y61QrXDoyPw1oS11bwv_gt6YatJ9kIO3hM0oV6nBxmb_UpHKoxAiJS3mEcQenJ326Wbfld_rjtAqKmyhNvtn9rwTmrYmsbeW2JiCH4EKZfK6C-eRrpbzZXHj2kDVVhNti9lG7TabxZ8QVaQ8ZdPOVuZP6nyGj6t86EIIMZal85Gjao6EAxBRc1IwcX9x4NjUiRH8zRLj4nAyg_K3cZCYlHc2ZZbYnx3Xg9c00tJUio4nhsIpNAYCo
3,Consolidated,Sales Engineer (M/V/X),Amsterdam,"<span class=""css-2lqh28 e1cjmv6j1"">2.8<i class=""css-0 e1cjmv6j0""></i></span>",Oltre 30 g,https://www.glassdoor.it/partner/jobListing.htm?pos=104&ao=1110586&s=58&guid=00000186308d58a0b6bbef4a315bb7d0&src=GD_JOB_AD&t=SR&vt=w&cs=1_ae7b9225&cb=1675851815924&jobListingId=1008333143005&cpc=0E3815E00E71F0F3&jrtk=3-0-1goo8qm5uii1t801-1goo8qm6ih7hd800-81c7a5a64eb37552--6NYlbfkN0CdhS75awPfFuvtg8Vf8ysH3Bl5HEf6sppwOfUcePt9itu22MTpq9vALSf8RUx8SG-ZLUGnZA1mXM6cyd1Kx1EHdCMS8RPnpxlCvidnqXQC_RqJgEdAow-ZOidhM83SwfmxUfgqTH99deP10sZdMVuAZj6_5Z9JUWRpfgt3fN2oqyAt4rq8weSx193yyxdk5UmU36_OhYfPq-86EfCOx6wm_2BETVNzsPwFWUzijC_Ebj9dthZscniXEbR0ea4CTYFMDMkWpw3CtlYkpKWtGHqK1CBYEjb06THUuoDrDJWFzXwqTy8luQNy2mm55KOMnR01tF9L7A64bRDMBX3fWg2xSvf71HaORuJ8m-EAMEHTpNKWW6rAu-JQXsyYJCfPu7is7nTgamHfduLdi6uukrQsepA9hnFP1lKnQFo1e7yckuGl9jI1B-TiIrIxWPuIvUunxYs4Emc8gs3nd-TngVIMEdhJlm6GYGFPRoHW28MN8WIrqfztDsmfTwmiPDpwWrQKMXoLE-zAq6RLIIo7ZFYXnjNK9egfsW7_QoP1wzHDpp940OqYDR4TbuipOvJlW6upoq2e9dyqS56ycFg7oEEBXxA_30K0UNIfO3K6rOMXUr2kBKOpeZIrX8Tp1PkYTDtbOg_yyNEALQ%3D%3D
4,DHL,,Amsterdam,"<span class=""css-2lqh28 e1cjmv6j1"">3.8<i class=""css-0 e1cjmv6j0""></i></span>",18 g,https://www.glassdoor.it/partner/jobListing.htm?pos=105&ao=1110586&s=58&guid=00000186308d58a0b6bbef4a315bb7d0&src=GD_JOB_AD&t=SR&vt=w&cs=1_22fd7029&cb=1675851815924&jobListingId=1008420366793&cpc=965741B70148EC7F&jrtk=3-0-1goo8qm5uii1t801-1goo8qm6ih7hd800-9be3a24a864896d5--6NYlbfkN0AjTHVfXFmoOipxBuB7rJStFVMuUbkxzOPuezZe2cxmIlSJ6jgctvaFpB-CZeIyfwGJbcuoVsqnTUsen3ATkkJwbJza0QiqaXN9LcgNi3IzTuQnuSnV0LN__DSCczC_hnbQrSDz13Nw4oLkbWOrq9AEY4zykEG6zQK00WyHJYb0l2Siq-H56nczXm94jwFOqtGFTDVAnbZP8MGD6mLLZsT7fyTCbRGM8uQIwErqitwTVIZq-6pBqKkfy_jOaP61ZvakibILZTWBYT9v76KOjK1Y5_bVlSY5po7dLxpUQ3wACTH5ZY84WhbZMgSCnigba9FhiDUnVZQ7DVDNyCzxShW1QHPXDfQIaTlM2_rdrHyWqk9r_oRGNJES2w_3WHs2HJjW41XV_4qiJgT4v0feeeJ1FVqVYVR6fR0i_uUyaikRa-2E4xbrEqEcwesriKo3VauA6aXR-Hu0nmSDI7kXTbNJuwVw69SEGEQm1fCffBEgOKZyIX7PxPSYYoMmSeALe_lcUHs1WdT2LSOlWTawUTua8Om9NHYEFUPyJ_1NQ_-QDj_R7U8LFzZtGPhNwwApLQckwnqLMRhOwy8kFKA7AMUyoTMB-qWMbeNKdzRMIiNGWjdFCgFRdUu6CT0BcmPyUNHswHsxU12yuygWrKc0OP0RPEFq1fMug1p11Ka2nzkeT57zx15JREPkkR-XIsvE7EJKUwh1TF672DPg6ISGyO4B3Um7AvxFlhbgs8Z-eSMJ8IA2G3K-UkjJ928HixonewcDYKpJXfTash352f9a_LHKPRtDZOOwuE-EYZha_OQjRCfO7SvJQ-_6OAcEqSlub9E%3D
5,Rijksmuseum,Applicatiespecialist (M/V/X),Paesi Bassi,"<span class=""css-2lqh28 e1cjmv6j1"">4.5<i class=""css-0 e1cjmv6j0""></i></span>",6 g,https://www.glassdoor.it/partner/jobListing.htm?pos=106&ao=1110586&s=58&guid=00000186308d58a0b6bbef4a315bb7d0&src=GD_JOB_AD&t=SR&vt=w&cs=1_17cd5928&cb=1675851815925&jobListingId=1008444586706&cpc=37341DEBFFBD205D&jrtk=3-0-1goo8qm5uii1t801-1goo8qm6ih7hd800-41e35f662f2bb715--6NYlbfkN0Do5UHyvM7PNNpTTZpje16tgdlNHmWHFVCr3yeTmdQVp58HZ_icGEQvdDpwxmPldrjRyuWbrRnMATmJ-04S62bI0jq0tlyifdz00HG9YUmPUnI8W4c4VVnx1h0wFxmHd4Gnu5ASsvdGhPVVcNlNt-Wwvr8QsxtTLCK3-2oRko26plaUiECSndbh-1baxlnRSwVpSbbeKwJrRNBUw1pYA28feJ_JL9XhSorUAF5GR1MXyZlVHHtZ4A8t39Fr6G7J8Abb1TZ12j5NA6EG3o99BwhFBi00Lf838LHjtOO9o0VHlGfPqM0Dt4eIOnvRj5sPrP9kOi7PjCqU4YRgNH9ycCinGPGUWQN2BOujLcsRoAQNKs9Ii3B1vSlpOwyORcKEP8CS1xC2nxpgSXP4S3uYeDQAhr-2TTGLMzytouP_WzHMf3KbDps1kOcwkkyQxcEJ3f5dTD-nTi1-Dr02SJrVfsJMnc1DI0i6GNDXlHe3Ti8CIy-fJy_w4bnn6j4iCRNwOQ0%3D
6,Evean,Teamleider (M/V/X),Amsterdam,"<span class=""css-2lqh28 e1cjmv6j1"">3.8<i class=""css-0 e1cjmv6j0""></i></span>",Oltre 30 g,https://www.glassdoor.it/partner/jobListing.htm?pos=107&ao=1110586&s=58&guid=00000186308d58a0b6bbef4a315bb7d0&src=GD_JOB_AD&t=SR&vt=w&cs=1_5c634f3d&cb=1675851815925&jobListingId=1008164562309&cpc=13B2A17BC67BBEB6&jrtk=3-0-1goo8qm5uii1t801-1goo8qm6ih7hd800-339f865fa7c4398c--6NYlbfkN0CqqBor3g83zuCX0-LJ9AH99sr7NK-reXKkfZiKYA3ey0Oi3998UPxa9_3kB2L9tAr3CPY4zA0Rv_izKwe3RJ-9HGZ-5Y7ZSYMV5f7wlb2WsGw7rjWwboZHe9xRJq-KYrl9QMDMQhll-nMQ6U1cst9A2iUwSK84NKP3W0PLXgziZx1voHQtx6fT6Chxx8tbDP86Qcf2o7bKNbStQkQSVBftRQVW1GFXQoQ83Z713Y0kDUuGp05_--o98Q6CGsSvX51iglYmqimZayISeWuTbt8NBtYd_bJKeE34jVYxRrEHpLjoYJzf6RaYdgtXi74WJ6hQ9o1nEc5vx5VjdJ0bO52WfDigBPdcPlyO9gxFTiiwcvojG-56xcc9usEsc2vLF03poeZYe9Y1A3LPdeThpWQIi7ejEqOtcp1CqA7sWChNH-VNUFo5HPPOg02aZTG47858hbJ4KVk-3KrbhQocKJqohZWQZ37nZLkKOtBLXQM9NLhMeoRy72GJClYiYRFXdh7i_2l-WP9b2TZ6Eq76G2ZRA5PVnxhS8PIxSAh5xYLuiyR2n-h_4qqpRpbrmRMOnt59U5rXKCsDJ9ZImi_W3liv7jzDNpBYECGddNHsUcx1GWLXLo5ydIkFKRicncJZixZvzd1Sbk0SYdp_aWXiLDdyg6OPs7GkdJR94_ZytMOPXn4A-ovCOtXP
7,Maandag,Factureringsspecialist (M/V/X),Amsterdam,"<span class=""css-2lqh28 e1cjmv6j1"">3.9<i class=""css-0 e1cjmv6j0""></i></span>",Oltre 30 g,https://www.glassdoor.it/partner/jobListing.htm?pos=108&ao=1110586&s=58&guid=00000186308d58a0b6bbef4a315bb7d0&src=GD_JOB_AD&t=SR&vt=w&cs=1_88bc7fa8&cb=1675851815925&jobListingId=1008296150412&cpc=F503233C73B66A1A&jrtk=3-0-1goo8qm5uii1t801-1goo8qm6ih7hd800-1b14d44f4712deb3--6NYlbfkN0DqswAWAkr6YKETq8MqmS1Qy2gD80AwDVRJhVo248hEGwb756YD4oHRPqNkFvHcNUfQ9LL-M-ia0WSE9UAVlfAeiO90MlW3KeCGpSWYhfrWrK6SRvtj1GNtVUAYWra-5p8rxW8hHnws_eMUco6sTK5ECwXuUeQFCgiSDBOnEA0OCWqb0ydoVqeu9mxiK6OxIcGloG40RpRoOFKSkpbDSBOk2JYXxrrytiShX9kDtbJS2K8eDItUY3amgFbCF11hS_wl0asTY5SXrJg6oAHoeVc9U6PedWoVk7RSsSdZUe6EoZ3yTPg-8-Tq9YKhKn3vzsddcwiA7tXP1Y1EfFlw6cMkqJOa1P12T0gdK_S1tH9-TlYOitsm-og7uqBdOA5xrFNMIqUO9LTyad8CaNnfvOEcOGXkCT_i423-b_mvSfqIyWgoa6QIfuBPyZLyeyyLoYhX7l0QE8ssqaPHTLu74UbKuo5f4-sXFA6BdAYubKoNpHxCfpotCMRivTgu82vhs3vwQd8NMczhfZCy6ZzUiHRfVzUAJksu4O9-rxnW6REP2yWGVFc3_Vt5kyt5koOJMGskaZF6NWIvBkjBKalo9nfyzQjPSQ82Wf3L9A_9yhcKy2D6K9_97Av_x1HLTnEZv_qOlE-OoRYOu6tMcL2Ao5ovvkYKgMqphFgU1_6swLkkRX_Nhy5rN83Q-y30_SmH0ANY_2CXlutPRA%3D%3D
8,Onze Joost,Sales Coordinator (M/V/X),Amsterdam,,Oltre 30 g,https://www.glassdoor.it/partner/jobListing.htm?pos=109&ao=1110586&s=58&guid=00000186308d58a0b6bbef4a315bb7d0&src=GD_JOB_AD&t=SR&vt=w&cs=1_0589a432&cb=1675851815925&jobListingId=1008183231364&cpc=B46F3B5F0A69FEBE&jrtk=3-0-1goo8qm5uii1t801-1goo8qm6ih7hd800-5f93a84c6f54c93b--6NYlbfkN0CoC5q_EpciWEecTv7euTHWoJ1jvDElRGLsPev4LnkDf6HvoBmXkIJYphYODouJbGA3psee-YN7AhWGzerRp8w8Vx-mAnwgC70HCm56DhUtGHNTwzHJdfZ29qcncruH6AsaKbJwRhqZP-glDcaWSRoK7nS_CkcvqhqYr5960Lr6SsGQUmH5stvU8iNxNoX65SiybADQXeo8Z2go20LCtG7YRr6GXipIXOGzOnBXhfGaIfHN9bJKwCPcfgKSAE5c5TDnduBaPezoJmPuLYs9nPX6h687cawg07mf-H0yI_er_qZgQJwAewLlRqg4FIXAWN1uhZPs-6HVr4xkcQGuNBhhX7gM_aP0CDyLcy_XkP2JyVlxCcZUttUWkeFOutmm4_uuuZQYlBZw5tkdZLlx7ybcb1GM_WhPo-tNA7iNpCkJUcFK_Qrz7KaYXO5MDvLGMteuVc9jATNhQ8LHpIIzxQlFxkezKuzCnBiqLICHgGUjeQfv88Y6_UhGgMpmiFJus8uynh1LTjjQ6emdM82OyIYapvA2vz-hk-gA0Lst4MoAHFyTUoIjCkCr2vu6BFejFzrgKOOO-GrJF3JWAOSY49bDdfsdOhIhs6_zuVM4pd3dbi-aiNPttidk2yS38Yj1kvY-WMf07ZY-Q21vr02as7gc
9,Rijksmuseum,,Paesi Bassi,"<span class=""css-2lqh28 e1cjmv6j1"">4.5<i class=""css-0 e1cjmv6j0""></i></span>",8 g,https://www.glassdoor.it/partner/jobListing.htm?pos=110&ao=1110586&s=58&guid=00000186308d58a0b6bbef4a315bb7d0&src=GD_JOB_AD&t=SR&vt=w&cs=1_008debe2&cb=1675851815925&jobListingId=1008437991617&cpc=B5554D7A5CE70CDD&jrtk=3-0-1goo8qm5uii1t801-1goo8qm6ih7hd800-a883cdde6d6f1c4b--6NYlbfkN0Do5UHyvM7PNNpTTZpje16tgdlNHmWHFVCr3yeTmdQVp9x6IKMoLjS4D4n7XpJ_85PZHBf5BoTe_ScX1pMDkTNJED4cPy9j0hi7QI299nnZKrTP_QjyYh9vD1rJBaZ7TjX9LetZaExQii9AiTxAwnUlvLz1Izi9tESdPZ4e6yI9TwVVHKTriPoiAeQ9hdU12XNPkY15u0S5wpppCEnWd2XColGOKa_HGKvk6dPLUAIjb4KNEOoVYcJrHa9dx8KgOeLfuRHiOGt4fkAUtNALMBVRU5bFpVqnEceXJPFlckHHIP2rGTmBklG1r2gsitN-sG3YL2d4EY2o4LP_Fa7OoHJSzthYTJhlLPk-JT82fie6J3rcMlpXrEgEZ5bADZcCUb1tJovplmdtvy1649ugnjbxz78bM1oNYv9AwVLtjY6L71sOQdADao-yXHBb_Hz_xeQwV2Gaj8x9rqueg62s4Q_tlUFgponam5w2zBzYkaMaeW_CX1aO1g5C3UpD7--4PJ4%3D
10,Booking.Com,Junior Financial Professional,Amsterdam,"<span class=""css-2lqh28 e1cjmv6j1"">4<i class=""css-0 e1cjmv6j0""></i></span>",8 g,https://www.glassdoor.it/partner/jobListing.htm?pos=111&ao=1110586&s=58&guid=00000186308d58a0b6bbef4a315bb7d0&src=GD_JOB_AD&t=SR&vt=w&cs=1_c932fef4&cb=1675851815925&jobListingId=1008438103292&cpc=0278D257DC18B486&jrtk=3-0-1goo8qm5uii1t801-1goo8qm6ih7hd800-c6e7f11a4ab41e2e--6NYlbfkN0AmrGAcUObcwAjPaeUiGTovJrD0KzlVENlQnoZzJA5kiHXqsXX-uHXIt4MSZ_CK2CfLb0NP5vs2atPcFt0ESMg_eNvKjpwJEaUYkW6i1ahw1B1bDtojhDqXPX2dokrWVY-sCVCaxj9o49aZ7XVDOK39bK2_9o7VRAJ7zbe_cD7xi3xuo_TeNbfnDGpiC4urIlI9YfLpvnZO_J9rPBIqKb0Ezq5YqtxPS-cScEzle16fH5csBc0XV_D5eG8E5t3XNj4FZbSrtBlhUOl35SYssHbCcVLjuGKWYdNeKyFC-A0Dz6Q1vV2FXs8vc106sE2HQMFQDTD3e4cAwrYBkUrzW5nd6wcZCoAmaPGn6a9f4PO5ZkRCYLWnQFlL6QgKfxaX_E09_yQ4zYs-Y_ZyixC9zV-6j5MUy3Pc3Hn6ZihtUEEc27gpzpWi0E938v0mNc5L6Qtcf8QBPBN9c7GKEcsaq4igvIb7MD8f1CEPvf2X6-uUsj2aBLZPyU2bla3aDNiJVHdpOp7Ltu_pLda4p3cOFy-EBty-CDtQb0lbaXBGI-ahgr__74x6ZaC46LPogtzf0a69EQq6jSmc_2UZmITEirt_wkdhF0EycRJt-2qW1oXMNlXprKI5kd8Czb4ZI1VArIGm4TFlGO5MCj1aqSddrasIFc_M7H_H6LwbZvn2UX5dlxwuUlhsZTXvC5Ro0HTbcmEe5qV9_zJE9h1K8Zx-6LTVOO4kswKjywhLTOwRmeES7nSfQkh2TDXMP5q3_0mUN2WebReHLyr49_VFxteRXGLVK_M6KSDuSEA%3D
11,ESNW,Servicemanager (M/V/X),Alkmaar,,Oltre 30 g,https://www.glassdoor.it/partner/jobListing.htm?pos=112&ao=1110586&s=58&guid=00000186308d58a0b6bbef4a315bb7d0&src=GD_JOB_AD&t=SR&vt=w&ea=1&cs=1_2f465b4e&cb=1675851815926&jobListingId=1008373935751&cpc=3AD66128EDC9BF34&jrtk=3-0-1goo8qm5uii1t801-1goo8qm6ih7hd800-32387141e67c16ae--6NYlbfkN0CeXgt1iG3YFczuD2iHUGKpoxtpamN0512Mve4Xs8OS1TUGfEqQ8R3aEBBK2mIt6wkteaUpBfAXPhC3Bu1m8BMpziWCW31unEPK1S5UL1YeKH1Kea-2MpGSvak797rEPwAh-qnm21LMcac0qrUkbcQiYsArjkhaJTneHzsyYbLNJqU2itl_SQgbAvBSSOnCLd-iNIlOgGE2Xv2JCaFwjU8Wrmkh_NLqZ0CcdZh8_2d1Dr6cV7CgdAibQukJcYBuQ-gCEKvVCK7u4MPJJc4hiGChicyX7B5Jz_IQVlujG1sEX5or3sttYFWTIVTMntPGWaHIfjK6ktNtYj6RI4u9TeT5vdEUVMuuHcwlXHdd8N5mphgpiPCmcL67YwlufZl3Q6tT8hJc02I41T8E7d8v5hk8vhUlgroChi1ZLByxwjosd26EUJVe7eksHNug6ZjviHvEfph4hAlPUMMUIbcBrTvH2MeES9azTn-O3cnj41X45s2Z21HM-j1qO_Idwznckjy5MLdDaJrmrWyDwJZGOzx1CfvhvYIH6qjLg1BmrXLTgtIf4PfzviWwODbzi9vmw9TCQwHkbeHJA_2wkpHufIuqwHmmhr1NVlnSUKE3NtxKJ0xlnvfLrrdpbx69JHV24YmM7X5-e4h5iddVSY0Zw-kL
12,Klantcontact.nu,Medewerker Klantenservice (M/V/X),Amsterdam,,Oltre 30 g,https://www.glassdoor.it/partner/jobListing.htm?pos=113&ao=1110586&s=58&guid=00000186308d58a0b6bbef4a315bb7d0&src=GD_JOB_AD&t=SR&vt=w&ea=1&cs=1_33c76cbc&cb=1675851815926&jobListingId=1008279841421&cpc=F5C28E8E9C0FF410&jrtk=3-0-1goo8qm5uii1t801-1goo8qm6ih7hd800-9652b42ef3b259fb--6NYlbfkN0C0pOsGxsOOtIX1gjDBEn-S2efBkC1Pauk-x4JqJIGX7KpKdxM1gVc7yXmR3LqyrFW7_6fMezWAR4t1p4B-Fr8d9xl8_la1F7FpHrN1VkVY_oQeaMh_5dMpjTD8aVe2UzxjLih8Kqoyop_SLNYb3kOQh5PsMFQAgWmObRrNpNFItrxCRaYpExdTgdu7HTT7AY-2B3ZgLa91iiUNgrlF4BiIj5S5e1k5j6X_ZSg1752Y0DSrRaj1acCwfibYpf0bzj6Po-cOHtrY1isa-6WGpuV54O1KURdT58CGKTIvmqWLkZ8beIuk7jZ7e4I37ZINvSxAIhYmmtdaOSKPzSHN89jT5Ejth7ktq-eDVQ2zLm2yeUl3rtwGfuBy1msL3qOKd89C5dhWJJIINpGuOg3So1xlNBan2I-vgU4fTOoXhH9Q9kXrbAdEq4OoQKW74g2RiEKJbO4j2o4xKS1imuX22x2lj9FSW1YaNBRrchPjtY-s2mVHWQwfCae073gOSCQlEAheq6tJx75cSXeZvGzseeOfj-aTQHKx5nYO9_X4N-lhUhvlVvkJvnuiLCfjCpoLJhcCqJtz39VfNEg5gYd605d36e9PqPiM7a4N7XD1v6Bxr1ASvd2EznOXmHT5ZcY4Gcv-_Z7_-R1WLYLYAc8pZU_8wTJa4TRCynM%3D
13,TintelTuin,Pedagogisch medewerker (M/V/X),Paesi Bassi,,Oltre 30 g,https://www.glassdoor.it/partner/jobListing.htm?pos=114&ao=1110586&s=58&guid=00000186308d58a0b6bbef4a315bb7d0&src=GD_JOB_AD&t=SR&vt=w&ea=1&cs=1_e738e419&cb=1675851815926&jobListingId=1007116929622&cpc=8D611544EB90A190&jrtk=3-0-1goo8qm5uii1t801-1goo8qm6ih7hd800-777d84d8aa37d08a--6NYlbfkN0AwG2chUwAcSJVCYEPLdyW_tCkLbK6QOfpWrr_uck7rRrenxkWChB8Sv2FYxreB3E6ravsyQf4I54o4_-UGoh2mDhU1wEw95qpssFOzUO1mnUXijrMwZ9oKwmNNfDVw_FrQUf0qKSigBNQmzu-w7JipXSUzpiJbSS0RkwGXgIGND8DOIIxi7saDWafzjsYcUI_Qofy84ppQ_-wKMaWY2yjLSbBhOW82YsVYqdB4eU6Vn7Q2Gb-ode7494m4pt2jqOTTtIcgJp6H8yl5sGc68W937mE1Ht7FYJCktBkoCLCWDAepQQSU6KgwAt-UKbPYMZ-rIUqRKw4Ow59p0ZLHRsQQloOPN5a83CCrM8wAs7XbigdrVsXud0OHW6SVqvBMbPjJXJ9MRCUbyYYKf48uR7jP9uau8J4nNkPGoPAtpjEnERQLXvZcFTl4ba2Kgd4uPmCwgxzWIQRhvRr8o8Ewu7wghFPy0ks7LyPkvHtRuTaKN0GYGKKYcJfn_4KwWiLgtY0mBqlG80OR6HuqcUHB2VAzmf70aC9U0VDEOXUOOaoFZg9gypTrher5NJCyXVPf1JOIOUo7wwmtaPmGZ9qu8AWSN0l891xVk9lygCkyONdumqXC0eZedoAlHq2AHSoKxGHsb57tw49c0GZdYMcHZHl0N-3gSGsGMRTS_TF4kDIzKfwW6zrX-d7vsWVpGJIpVp_eWaLO5_Pr3jFm-Dubviek
14,Zorgcentra Meerlanden,,Hoofddorp,,7 g,https://www.glassdoor.it/partner/jobListing.htm?pos=115&ao=1110586&s=58&guid=00000186308d58a0b6bbef4a315bb7d0&src=GD_JOB_AD&t=SR&vt=w&ea=1&cs=1_0b8fccf0&cb=1675851815926&jobListingId=1008440210623&cpc=C05F74D5FBC032E7&jrtk=3-0-1goo8qm5uii1t801-1goo8qm6ih7hd800-29141c01e688374b--6NYlbfkN0BlzEBDHmw1ysUKivrZscVphhTPvm8K_dtvLGVmxHLn48UfIOE6HNq4_KlG47En7OIKo3H10yGlMh9ZndHUGkZ9X90ytxXDi6xFcj-bOmaTwbmfGJQx_f5C7CNRZTm7CKOySdqBChixMUxutVwHwVBkf0VOJ1MoJ86d8iIFYQScyO5uOsJYpapK6Z49sZ33slIA0U1eLcd8Zo29ybkKNqNduyHfY1WPX_TMbDn63MbdPBM8-U4guPwSq5TpcT4vrAQbsXWDBvMCliSVTK8Q_BCqyW8nHOVZQ1C2iaMiwVS2V5MYVxZ3OpS2gQ2-ODEh73Hg3w5VLG6Han2MgmPL0A3AuSIWHOxcvNvXO-8tVaY8SLWlQu-P_dzUY6B11xpLX_JdLXDy0hBuxC66Sm8XdeyzWWpNzFPHlqqj8sKitfgQHPjqToGJomxwZM1afPbyR5sNB4XHyRjE8HLWHj8H2IDTDMuqk41h0t9le1gVl3wzeJCKfSpCM4Y7c6wtkektP4Y3VjmvBWPhrj5kl15ZpS4kdUGsasQRv5sqlud9CwNXIpguubkcBRr9PNZgZJQ_opIposTkzBJYCsa1y44ZkWuJ0Eq9Jq1raQ1_kkxwhFMuJ_uFMg59inIwujIOf6jRstQLIX9bFOVOjhV1lrSaOeGBnv2wbDe1vIQnVnM5X52kuKMI8QGDSSaHKkh8ByZjj-fpb1vUqPdk0g%3D%3D
15,MVGM,Medewerker Verhuur (M/V/X),Paesi Bassi,"<span class=""css-2lqh28 e1cjmv6j1"">2.8<i class=""css-0 e1cjmv6j0""></i></span>",Oltre 30 g,https://www.glassdoor.it/partner/jobListing.htm?pos=116&ao=1110586&s=58&guid=00000186308d58a0b6bbef4a315bb7d0&src=GD_JOB_AD&t=SR&vt=w&cs=1_b907b22c&cb=1675851815926&jobListingId=1008377217532&cpc=3C734A0E58C3516A&jrtk=3-0-1goo8qm5uii1t801-1goo8qm6ih7hd800-b9b5916077c45e53--6NYlbfkN0AIXz3S1xZny5nFD-omyL-cUn2NhSapO2Ddn5UBtPFrO8lGvWVUG865TtuhYFNj2Aor1tz_bphtpQd9Pft94gQe11YWG09Y8Fj8Z6jTYMGGbDzvyvNfbXJmHSU8ZjlymUxRmALqqzkqZOQGTEeYfxvOb_1Y-1m7Jo6BSfoPCrGSsF6ys0gRFINghNXbclZqW7CRX7MwgD0y7XvYvqPKpfopi7zsStvbwLbiDx9rsZ4ehj3o8Ff19kKey9jpp-nLKVjvKxXIH4_gV-hARdLmrVnFH7WO_ILE7jOFwmjcYF8TAV3PU3WXVZSzDHAsrULKZ3HHYBHbCYktU7ukF9V5EejomCl7wPpNcLF1AtterK6iSrlzotIJPNXbWfB8EMqfroTwHdSEmOQsWoAsIT61qm5PBx9uuzbD43-A5bF2dkQHva54EdsSsTfZBNCT2alpY57lBVhCzAGW5wj5Pss-P6P4fN0qGttwQRdejC1ws7zsiPLq84wygU53_K5sFCyON_i8Wyp_sc3pjzNFtdyhLnGek_1LQQMsYiOP2Ai7c5NELZooebWZrBLPze05GU6-68x0Z79_ey-Mzoism5j4eZvdTkLjcKsXhSUJegSLY3V_92tKx9m-MqdJfpygw46ffbc%3D
16,Nederlandsgroen,,Amsterdam,,Oltre 30 g,https://www.glassdoor.it/partner/jobListing.htm?pos=117&ao=1110586&s=58&guid=00000186308d58a0b6bbef4a315bb7d0&src=GD_JOB_AD&t=SR&vt=w&ea=1&cs=1_0a6ff064&cb=1675851815926&jobListingId=1007648261216&cpc=DAAF328BADD9F0ED&jrtk=3-0-1goo8qm5uii1t801-1goo8qm6ih7hd800-e7e699add0521d01--6NYlbfkN0CbgRBsPUlW4ZwMP_l-dfg_-LvMDYw-pLvoKtJpwgWEGCWg_aqhnmnFf_pZ7I9sJ6fRBMg11NzgsjbpcSQmosQ1SZkwO3U7BS37nzyYJGjiXF4XaEih1gIa2AZOjNutyicaVdXDMHcs1sDpVlI3cULFSICSkrbzJGU9FCoXCVuSf9lrd8QaJ3aZ573bDnq4kKmBS5ar0RqOKUT14WspPwUmfInqIO8lXcw-UafSX5oE3zdNYiuaQbSvpcIW-TLGiNSMyKEwIndSwkkkHPsUAoQW6HvzTTjCXNUEJ9Sv1Y_hyFYMX-jIUhIUbs3MtZDr-pHhzt2boEwhE8kVYLcPg5pRI72mJeD_RqQPIPoBas3sQ6M-jfJeXNrq5XvqD6vPWDZs_saijpaNhmMUHJRh43f7aKpKb_enNb-stv7nIqPjyqTqq9iJrA33GzCBQWZhU4qyO9JC0xTloE72LkVe6596d8MA3FgrEcpwAvWJyGb6STuMjSW0Lic1R4YGXD5YTwTtKcObMvTnXEDQj2qi55XaX37H7Xj2Zq_zHL5uTPbjifEQQepprJNS4O5u7MHguUu3ZMzCGFAWsopi5kUXR3lW
17,DAS,Tuinman (M/V/X),Amsterdam,"<span class=""css-2lqh28 e1cjmv6j1"">3.1<i class=""css-0 e1cjmv6j0""></i></span>",Oltre 30 g,https://www.glassdoor.it/partner/jobListing.htm?pos=118&ao=1110586&s=58&guid=00000186308d58a0b6bbef4a315bb7d0&src=GD_JOB_AD&t=SR&vt=w&ea=1&cs=1_e33bfc64&cb=1675851815926&jobListingId=1008382812794&cpc=B3B142CD6B71FD88&jrtk=3-0-1goo8qm5uii1t801-1goo8qm6ih7hd800-33372b42dac67866--6NYlbfkN0AiIBMuQG2OvdRIXkfevdx_BmXGaQ9T_0GjuQnyxvlqGKnXvUobr2bAWfp1GuK5V41UI31p3hR7XsXb1wg3oLcI7G3-jY67vMsQ--8vJWNK9yQewh1N3ImUiuuwT8nGZ452ttXr15LFR8lPaPDhlpFBbIMzvtLBUlcqS87654FN0jKUogq2AToFGsyhibcZKQsS0oTEsQBvLjUheoBI2bHKNmQmbDoAIEhF2ufrbKpWxXhKpnm6I0ltLMtUHuyJQkWyyFdIK5D1gniGKfR8lnyfp-DPwDj-8Q3Ep8s1H561Ue2cEWRDuyTX58JJT0my8eaKzTB0NetjBnHCky3QsuSSnfKs9y1TSuencSHmYjPhNG-DBn1vz0_L_lr7jdzujXe1x9KhuGca9MQSD13hEYsVdc5aYfmVeDPCKmwV3dbNk1XV3c6Qse_aweL96UGPOSlm4OLHfapL2gbsYUqbL_rwbbMZ-1PQH7s2cgS0-owdbxx98glHRCaC_gYLWtHXgZdflIXseZ-PnaKyiOfOh2hfpCxOCdjTOXF-mhO5TJ9krnrM4qrr2MO3Q9gMYCXHgQ1DGllUHRLEQJJywoPKD_aTYrYuB3F_52VtRvfS1yvnmbMt0TSn9IGxYV3v_Ks0O-j_J11OzPN0pSA7kjh-UWX5gD0Z8rWOaQd73DItMctVVMMo5T7g6hx-VCz6Mx875JLERjLBFsQOfQRzXq0bf4k4TFlEun6ZDgNmXn3VnFwDo28zh8737HeF2lQ-H484NK-F_k444Vjn3HXmy5D2uRYSAa-UQnt5ru_f1OHb7jb9Jo2vXyOoEHtM
18,Claris Zorggroep,Inkoopmanager (M/V/X),Amsterdam,,Oltre 30 g,https://www.glassdoor.it/partner/jobListing.htm?pos=119&ao=1110586&s=58&guid=00000186308d58a0b6bbef4a315bb7d0&src=GD_JOB_AD&t=SR&vt=w&ea=1&cs=1_170d8572&cb=1675851815927&jobListingId=1008339190827&cpc=3DA0FA6C05AAD4F7&jrtk=3-0-1goo8qm5uii1t801-1goo8qm6ih7hd800-d94b2acd5d49563d--6NYlbfkN0AXJSMjx0WrIwiv1Rnr0KSP0osxTofzQ-vL4jidKia8v15Vo-IoKp_XMvdFCGFxA9143tO3k_BOWypmd5BzbQmD02Pk7cXJfRYV_Q-gWSRINVDZ1fRqJ5VuUR2vUi2w-8Og7htoH3O1qATJcJL8OOr858NJYiNnqA6R-M55LmweTv55P9O7nitqjpeT1-APivQ6pxU85d8gCVGB0ycx8ryVj5zIgRzwSzO35kod1GRhumSGjFxbolAW_5c_ICCIQcSpta667RoKiFmh96mukoBqJbCDEopfTHc-dyHutyptYzNppcmlumXwAImA6N5cXY6VKCCCTuXAZkwj_-cdMYj2P4ELEKzF2PqI0ayxZ448HcKyzTa_gaLIcS7RLNeNQcbBeoC9JGy8isgNwSYp2ntU9sn7WXkz_GwSpjhkmZRwvPOmujVHxeysA0TlPcNVpyvuyVmeAxbgOBcdVo4Rv45xTXtrkzIN16OPW_TNzTz0sFMQAoysw5LthJaoill0ekv0_vo0mbkqivDnM1IgUf-bR9FtpfCKYQaERMvcYg6rbxkvWrlSMVBMapeDJH92n1Kxcbq22_K5U4N209PaoEYlIyicmu99G1Lhej3acKTp-vROyT7F_UlzreCbcbJ2JKQyFVa11WDOx_e5oQFZtax6Hhv1d-54Es7xQ_IsEIciQydxWtEx322Wg6FcKflX9kI%3D
19,Bring at Work - Sollicitatie portaal,,Paesi Bassi,"<span class=""css-2lqh28 e1cjmv6j1"">4<i class=""css-0 e1cjmv6j0""></i></span>",27 g,https://www.glassdoor.it/partner/jobListing.htm?pos=120&ao=1110586&s=58&guid=00000186308d58a0b6bbef4a315bb7d0&src=GD_JOB_AD&t=SR&vt=w&ea=1&cs=1_cd9dbfa4&cb=1675851815927&jobListingId=1008400676636&cpc=A3C165F64CC0ACE0&jrtk=3-0-1goo8qm5uii1t801-1goo8qm6ih7hd800-d31d40913a13c456--6NYlbfkN0Dw1WMjpE_dGodtQQUTIbCqv0XfohjF_uGYIC1bYQL9CavVqnX2dFEAuCSVMXhlX4JatUSpJxnQsuZWU80jvm8EtcyQV8fsRphbRorz3ReRaJblrgwKWqBdCHQ7kUq1N3X3XuGHapc55KqInjTwrI8f3Aq13-oYy7-8ZEjp57nUiIvDxCqa9sH4qGn3n4UNocUsdo0uMytORlK0NRhlMGR7kI6fU9_Par_CFl3zN-p6ok8Lj969tdbmShNWegdSb_kJBgufx4BOvL7wjFthU75yKHsCCQP-GKYl3v8PHDiMVChbvyNdD69JAswZxpK4t2WgAjdieoq6moaksgMOpJdyxy6xmad3KimHkZW_lt8QFkPiO6S7nMqxkM9XGqjvGIOFa2CKWK0wIjBrLaabazIDFASTJI6ZDQp2kMCKuagb9Zq-jvvggVokVquSmlQVbTuTZqsTPx-01J_O6RJRniVqHlkiX5vfAycDNVG1ECFyuMlGt_sItm856Yuv30fqStOfPrBdQjxtV4QLwRdRDg5VshRlMvJBxDEAlqVzo-prvfLmIJ-Iq7sP0hYwDHbwyDvVr6n5wI0QVOegfiUyGgoKmRRI6pZHY40G6E2_DlpugJEDjONWSixxzCEGS7K6KpRcZESnGXdmJSk_-WNgX1ekrp1a754aCsTL3pmqv21GKSG9ebmizd59LnOksQ6FwH9TeJCdPUCrusGB_gIJhJYB
20,Onze Joost,Inspecteur (M/V/X),Amsterdam,,11 g,https://www.glassdoor.it/partner/jobListing.htm?pos=121&ao=1110586&s=58&guid=00000186308d58a0b6bbef4a315bb7d0&src=GD_JOB_AD&t=SR&vt=w&cs=1_5841f770&cb=1675851815927&jobListingId=1008432897205&cpc=AD560D7F3CD45A99&jrtk=3-0-1goo8qm5uii1t801-1goo8qm6ih7hd800-71ff5717be321c7a--6NYlbfkN0CoC5q_EpciWEecTv7euTHWoJ1jvDElRGLsPev4LnkDf7E4hXhgOjM6F9Qur9LKm-imqjliQLdUaPq7coIq2nko0L7KBqxeaAcAs6q5yE5O2kV8hhOVB8KWM6rOfN4Amvxr3RabNoQvRuM4G1lxEGB_SMyhxkMuDK4P8kvRjk6n52kRy_FJtn7eGpvE_QsKrbsDFoXNfpSOX4VkqrGLztIJKSwz9sLO8WlGUMcWjLO4vsdpJPbN5pQFyVowyh1OQJykKSGkCZtr72JB6tahEYHbjSvhd1HmAzvNFS4sLyoR7RZULb7S-u0amMoeqsMh2XGybv85RX1B6SxDkjCig34UHZ8ggqJhBRX9fJuZdRGfIwFpVaC6WKgCzYavGllPb9sI64SRk9qfpyCrtkdEK7qyICIrSb-zkAveQdskjRmji-cZNffVbjCIm-HftQn4WFjfrwhPNEVKgyTj0Bb59IHRzhLYBPO8Ij00JBUGYPzmp5WvvDr4PHxuMufaKm_kXfkZ_9fpqSjf9rmi5ma7KOa-ZJBQhhwXgGp2NELXATS7EbpUE0HwLHnnjxXncEUH-dM4qlMfbsuzq2qEhBQLuFzi3g2XieIIQ-4%3D
21,Koninklijke Kentalis,Begeleider (M/V/X),Amsterdam,"<span class=""css-2lqh28 e1cjmv6j1"">3.8<i class=""css-0 e1cjmv6j0""></i></span>",Oltre 30 g,https://www.glassdoor.it/partner/jobListing.htm?pos=122&ao=1110586&s=58&guid=00000186308d58a0b6bbef4a315bb7d0&src=GD_JOB_AD&t=SR&vt=w&cs=1_cd570b8e&cb=1675851815927&jobListingId=1008392594930&cpc=DC9AC89B084A0A76&jrtk=3-0-1goo8qm5uii1t801-1goo8qm6ih7hd800-8d0852c536a509fd--6NYlbfkN0Cz9BZxI4mr-o0aF80wLb2n3n3ISX1-yua27PVzf9CkroezzqZuv9miEIqbDuTUeB9j0Mrt-61qyRevQ6iXumYLVWcb0XUYzpfqsH3cZGGv1bj0iTLt-R7vMFyukfvggRrU1ZGEgyT5N2lbfbpk5w8sF1xIRWOIKEZadsDkciQDtL6zxdHgS1yQN8cVVWsMaS-OGGPVu4eJew9pfDl0uDwKlTvB3D7OJNcOliOT4wBSaVvL7jOknsYn0gETnrcw1z14N1PZDwfbx0WDpSfV-q24wyglT_SfPf9X7n1II1kQ0-6-8rdZ5gN3OK1td6qw-nh79zxVbfFpZjxUDKg_pYK8iZbMtEWJncw1gwvAzw1TSX6s0P4Cw8TOYR4NyY63Y9_PvQ8VVIVW9EzB18WallM68Uo4RuwcUUbzHtVEdVuUIGCRKNzc_XtV1ViI5_tPmlmMeVICZPDJHCd8fy7S7VnL1h6q6rqPgsjyXdBzwDnSm-dx4tf5689ihwWvOM-VOEMlNE6LDzdvDnsPVTpEGJE5M7M4f8hdSg1DJRt5l9XnziprxMg3gbWq8QGglT2PXiYUaRhZRYTPSC6GD1i2J1IJ6WuuNYdalzbXxq7aSHRiwvFAtLz7-IGnyCYcVUNFQi3S7OElncHHsw%3D%3D
22,ChipSoft,Data Engineer (M/V/X),Amsterdam,"<span class=""css-2lqh28 e1cjmv6j1"">3.6<i class=""css-0 e1cjmv6j0""></i></span>",Oltre 30 g,https://www.glassdoor.it/partner/jobListing.htm?pos=123&ao=1110586&s=58&guid=00000186308d58a0b6bbef4a315bb7d0&src=GD_JOB_AD&t=SR&vt=w&cs=1_b6a9c7a2&cb=1675851815927&jobListingId=1007559671926&cpc=3BA979899DA52E7B&jrtk=3-0-1goo8qm5uii1t801-1goo8qm6ih7hd800-ea49d58f7089149f--6NYlbfkN0BrQ6c-x1kauNDry2rheojozIb2maOx9tO6SqBrj9jfYtHtEtvpoo3achhHUnMOEZIKCXJMkKPd5hlkuIlkQ-KrYdGo0UllzomJXh8RDU1hoNdcwGOxkmlYTJCQjWdYvRv6z7jCBeVOmNuR745izrGfZUjo_NUVMrY2h5RRgJYIN4wOz_HIkf-mrDB_lt8OmPgXJmgL9GjpYtGFo8sbZi69gopp7nR0XxQA87LJix8gWQYahr0Oz5QFz3mI-VDFNu5TYmZux1heJMj0mIcFziSFnUGA-bskiWKKZrdBaFRVc735MkZSQtzvrl6BJj_bZwzwd4FLUYsRt4TMLiuoVN3olc_isZPNUOlPFq1neDbb-aELh7v5I-wJzczGE3zXniRkMyaEWRWCBofOf4ybFzQYVUyMMboin-_sG7g78WA2csi5LRh5kEvLGTKGsOYq3A9JrP5GDe-d-uO1aUkD-ScKIMLQgA3fv0aRc1IJ8VBKociaiSU1NUKeEhM3urq__E5ShhMnPwGjed68rEhJYCtwkF-Ef_To52aGiuUj-DDdqDR_r-HSqwK5ZEKboFZS__ktXJzesSowKo2hrUALuAtqXWpoo2OCWxFXwuTLaR5dlAUcJEbVXLhaT7BBzXK6v--RdZyMQsFOhYUieRc71uxYGYH_ycx592C-JeAOaYd_n92xEBYxL2c2s1D1C5DxbBcPewIXds3Ap_z3D_WIu-xA
23,Arbo Unie,,Amsterdam,"<span class=""css-2lqh28 e1cjmv6j1"">3.7<i class=""css-0 e1cjmv6j0""></i></span>",Oltre 30 g,https://www.glassdoor.it/partner/jobListing.htm?pos=124&ao=1110586&s=58&guid=00000186308d58a0b6bbef4a315bb7d0&src=GD_JOB_AD&t=SR&vt=w&cs=1_2c7c0551&cb=1675851815927&jobListingId=1008351091570&cpc=3DD0BC19EF1D218A&jrtk=3-0-1goo8qm5uii1t801-1goo8qm6ih7hd800-de34a5a478c2cbe2--6NYlbfkN0Brbo91v-tFfE8sqpUIMwuSgwspYL_15FlKNkAoIsVgeIkXJJNQz152rxwQE7qtRlltkD4C3CYYq_WdjQY7jgUM_HuU0IKOzVUx1Xrv2uudpcQ3-QZ_vQ8lyJTPeG7vsSRBzPFM4Q6ca9lSCjwxvft7FvUhO2AmVP8avRkw0wqjIHTvyEmrbZlNSgRYXVhh23Z1Bb6zQw8q4xIaVy6NmKDMFQZIS_cOU9GdPHDx--ttNJYk7M2FkEHQQtXBW7j6oBrWIKltUAH0gwaNvJC6fLSkWwn6lTE-8KuTUzGLDYMFxgNbNwPNETj1v8QTl4HY8pMYLPd0jSv72iEy1BnIiCSU8KkWNuymEhZTsjJUqFeI0uIdPC9MAby4QlEHWkYvba16lwASTHIKe9qmdbJxK4fEf4mmxRvHJsn9Y94Hsa6Ikf3BBy2LPyYdNIKRrUxCTGOsfZfpRXr-jUB26PyWd_NvC6UcAqRAxsxCPLI6laJFR0xNrtXij5px2u8H82pb5Cp0kwgFf_84hWgJebYMemKKnfubM3Xwa5I5VH-RAU4lr6j2ulSXNaK6EJKvzgA4rdHc4CgtS_r5ZebC1P7RfZft2Qm9xoRBWQCBeSYPDfJONTQPBwTO8HlnnUFjqy6rgykOhppFANFFOXId3GxbIgd4CBSTdrqlZKc%3D
24,ChipSoft,Werkstudent Stagiair (M/V/X),Amsterdam,"<span class=""css-2lqh28 e1cjmv6j1"">3.6<i class=""css-0 e1cjmv6j0""></i></span>",Oltre 30 g,https://www.glassdoor.it/partner/jobListing.htm?pos=125&ao=1110586&s=58&guid=00000186308d58a0b6bbef4a315bb7d0&src=GD_JOB_AD&t=SR&vt=w&cs=1_9527d0ea&cb=1675851815928&jobListingId=1007117608020&cpc=6A7555B79A28284B&jrtk=3-0-1goo8qm5uii1t801-1goo8qm6ih7hd800-352416e74eb802f9--6NYlbfkN0BrQ6c-x1kauNDry2rheojozIb2maOx9tO6SqBrj9jfYueNCr1gZRgYc42rJ08TsEYR14uE7LQyoAQ-allBIpeMJvNOhvzAOeHsNiRb8HwiFZE3s37DxijyuRRRxRyLwGkCLcMH0K1fjhzPXTDg8RIxJt4mXQyPZvyAARvgUdFWHVYZTRSBw5AaCIrc8KVKDOxYEOwLRS-I7rYXSroIjNf-puJ-O_1mHSQRLAak_Iv2Bgt4TQERYamUgWvBgwEsyEYMokH2pMAdQwXK7qRlvahmBT47j3p0e7oqW0VBI_Qwg3r49VGh1Sw7exCIJZez5AdmWHCcKisrFEo5WVp-6oQJmqw8UHoSpOPkvvEwsk6AbNvHtpgjVq4VL7VpxQaBTkW95-SjgyNHG1LCUBwq_o6k_3S8ye5v34uqqgI-Sa5zXiIDabcRwYKJ1CXFHYCntdtPq1PkDgGhuwzb6yMYqox8H__V2NzmcC5fWTGyzaxoFd4OeKOE6MVpVH3pi92TYoAFoABlc1D3vfjEyKzjKEkjse1p8t7ztuHcdT_KwqT3ux5Z9lNVlH40anJ2mWazteRDcNA3NS5fo4sRMSMfn2TkfEAavbfgd_Klev_OcBomZFRAh7vOHlDHnGGrywPTuy9OA8ZHhreeh7yyC_PZISHUTq3wmkrU_0ex1zfGPLjssUQztUvnCQTKP08KLijInGny1wWy2KjL1Q%3D%3D
25,Crisp,Teamleider (M/V/X),Amsterdam,"<span class=""css-2lqh28 e1cjmv6j1"">3.9<i class=""css-0 e1cjmv6j0""></i></span>",22 g,https://www.glassdoor.it/partner/jobListing.htm?pos=126&ao=1110586&s=58&guid=00000186308d58a0b6bbef4a315bb7d0&src=GD_JOB_AD&t=SR&vt=w&cs=1_915c8ccb&cb=1675851815928&jobListingId=1008409940036&cpc=6EF77E97581486AA&jrtk=3-0-1goo8qm5uii1t801-1goo8qm6ih7hd800-11b8b70933d11603--6NYlbfkN0C1a5cBQizs_ibtv0hvM4Zz7R8X7Y6lc94Xql8fomX_sW1frqpiF_mEHLDz1SW5Jy4y3h4kLEk4JygT5FA7hBYB2x5H953EeNZMX85pvLp7vNDJ52pYEPUrfWDvXCOtjcecXFPxAIbx3bCdHKLi3RtljCQ4lmMeS7_sXAMucPBx9tJFoft9Ui7CNEhgqlF18UEznZhHTOc0uc5h7x0-KfG_oBcGDVfEEgbumf93Nj5ZA9NUsI-ptIUwyJhnLkASul1AvTxiM1WqDabQyOIcg-R6iGQVmSTRdVLbY78XNzwMYE7ya0ew2JBu9K1fQyDBWVwTn37c4wkNb70v6SQwXZ9b5Goh3q37y3fnbh-WGWS2211DIVTOCUNdJN23qcZEX40XHmpYYcZl7dNAQtKtA7vIyf5xMlkHrOSHXkATDLHW7OwFGL5MnPzNSTa824lqZCSc-WAALVV4BxtK3SUYRHetRgYDpMsimFtQxK9oEOBw-WH1rMTJBn0A08gyDVbUOeXep7Wjw_aMbBO8teADppU2hOuKqt-4yJ5fZlY2Txx-EfcKab2TjmwRDFLrtUF2aPuG2ARke3aGysXY7jLxLKclRMyDB7lmEXi7Avcfc4Upn5PjTtujUxn-gDET4N3YeftVKseQ1LSnl8kTVqJ6PA7P41dAQX2vCZB9cgSLUdeQqZcuV24PCDMTg2IC7kBSb9NYNdTIx_yOZH77WDJDyVma3MNphe0SmBE%3D
26,Maas College,Teamleider (M/V/X),Amsterdam,,Oltre 30 g,https://www.glassdoor.it/partner/jobListing.htm?pos=127&ao=1110586&s=58&guid=00000186308d58a0b6bbef4a315bb7d0&src=GD_JOB_AD&t=SR&vt=w&ea=1&cs=1_af71bc69&cb=1675851815928&jobListingId=1008138870838&cpc=2442D01AF70C0A8F&jrtk=3-0-1goo8qm5uii1t801-1goo8qm6ih7hd800-e6791ebcd48a330b--6NYlbfkN0AkRZgg7fD3h72zieCDdP461uPa_FHSs792iaN3skwyQ5vyCm90tYw_KIfB5tlKNsY7mdxKqy3iu3ZMnnBRDMYQ7WlcwrE8RmHqTxK5oWxf9h6_600NzrBSLEAupIQthzn-dS69aK9WW48oxtJx5VL6UdWzjOz7VSCx2JVAoCelVFHyQvLtYrR9wfcQHPUIfssHoKBupgns_1rZkDwAmp8qNdnBEuMHg2b5vZ5qhLoYufTY2zoovmJGwqinW0AfC77HMj1ov0G04cA_zHd2w_oC9YNKu6DtF0Kw624oT5sISO0fWNzCW9TfdZlRgPdEIhUpWKkuCsTqM6j0flDADgPBmMhVeahotoxOzrE03_Xmqt1TkXrpm8UbxGazkK6YiiSeVSNO8rIjzpaxvZBFCRG0CRsHH8U5o0hyScHuk7nh4Y0l_xEZnuYlRW21BfrS1IvwKAlkEP5zN_2csupcO7IpTKa2UF_Du9f4eXObi8w0qGkwXC0wnhz75cTYpOtCy0GligcQOZgDDkeGSp3JZLTzTkoicJBieBa3NTBOaYHQbBwoA5bf8e3bBHp35-5PTSQ9KT_487oQCQ%3D%3D
27,Flink,Koerier (M/V/X),Amsterdam,"<span class=""css-2lqh28 e1cjmv6j1"">3.1<i class=""css-0 e1cjmv6j0""></i></span>",24 g,https://www.glassdoor.it/partner/jobListing.htm?pos=128&ao=1110586&s=58&guid=00000186308d58a0b6bbef4a315bb7d0&src=GD_JOB_AD&t=SR&vt=w&cs=1_522d1243&cb=1675851815929&jobListingId=1008407539190&cpc=E68CEC20F0D65E1D&jrtk=3-0-1goo8qm5uii1t801-1goo8qm6ih7hd800-e890b7731c840a57--6NYlbfkN0ClL4c3zNZugmumLJDpZ5lODWVppuEi6OzlndlUKLTYaujKMTt1ighjpd5C64K7o5IpY8oKWcpaj7eKQjJoB4__3TVd-EzYduv85ffNKeQ7SLP562ZN7WYbadmPXY5-6jpC66wTFgPwTK3FD37ETvPxVNEi5yIFO9SVQFT-3w8Lc3srIwQNs--7qJLAR0k5MpFpw9m7PgXRqfmeOwNDMYdwgk13qXU_TS2FNRT1dJN07FopT9oBJcWVWfPIkV9UMGJ1MeoMoe7WzfkbSugPZ93sbFi7-cE_8c-bR0r5pFc0b0VWn_7UJ7ckwCepkz7KGcDtZI5uoDT4JsikM4jTmmeukJB86D4CD4Gz0Tq65TvjkaFsoYlnFP6Bqik07ubJF2CKWGAkVuxKBPdhEEraXRQuopG0IE-RRqKppHizlb_eJ4VzZBKGWPsLItNyDFhB1zaRjrJc7SJ15kaXxjNb8Nn85MpGUwYfJtOoHhPnsT1Tkc-RTfF4gQAw0qgPwV4wNRnRFrA4gGJvYFM675Jx4GZvZnplaZ2SAI-JjcWAQjZF6prCQipLXlEjp7GkYWpG4kP28ej1En8cNiEbe9DYdBF3dNNpc5-H2fLfmNRvzWhGITlT9_A9RdLJiuqLeLSSVYWPhx8_bLOrhyt3-C04LI0mkBollI4vaPiwUpbzIwGWOQkZ_4AS6vYKA_aYnODl2VcHt3MX-jKyoGs1k9OVV8bROMJesfAERpQ7ksPbvOhvJ9SGt3bCXCZzt4LkKOUkvUdsqWFEIWLGDyH7iBeV7F9Md6QY1cLzVjOdBeoZ_5wOvmUOmtmY6ke-HfGt205b3AS83PLcpsbmzxgfbVlG1T67aEF_8H5TLsGAtjLSXF0AByeUjsMijVJGggWUb13ksHF3bTJ-dP4Q9rY45PyN_GOxNyNxBmlgjwCqK7EuLefNplN2W0r9Sauc1CVGNaXgqRBtc9GBiopng_vfmCH1tZuIdLFoyGjgo1huNZDqKDcnIK5lB4HY7W370YY2OTNOqbzwqgq-UcN_Gf8N9ed38-cm58khDFLWfhxmxkz9BOb8nzvOOmU3rumfGqzPuGxGWQtOwdRP66Xttq6kDcYk1cihJseRf2kxvA_V4R-a0_GtWhAafFston80kq-eJaDnufJeCj2273RTuh3DWXKZ5Bt72NahiXNGQhmeTx1OAXXACCyX_2L1-MbXMVMjD9ZPBpGI1swKFO4V9oedqIuYlr0rl6OD6BDTFas%3D
28,dé VakantieDiscounter,Coördinator (M/V/X),Amsterdam,"<span class=""css-2lqh28 e1cjmv6j1"">3<i class=""css-0 e1cjmv6j0""></i></span>",Oltre 30 g,https://www.glassdoor.it/partner/jobListing.htm?pos=129&ao=1110586&s=58&guid=00000186308d58a0b6bbef4a315bb7d0&src=GD_JOB_AD&t=SR&vt=w&cs=1_84e3f6f6&cb=1675851815929&jobListingId=1008373826875&cpc=B37DCFE9362AFEC0&jrtk=3-0-1goo8qm5uii1t801-1goo8qm6ih7hd800-2a33ae94e4af4820--6NYlbfkN0D4-FvyXKQKXXE_yuWF59qrvyhr2N1RvmEosTYuoJ0fRGGjMAEvw6CfrBdgzlz7u6n6D_EqYg3MyHzNsYIVMxxaQNDVdwxgzZnqv1dFv8FHrvqZWHk5f6Ay8uIFNwPj2Lu8ZqjrUnbfSpMRTDliHztPiBIbl7wX8-hMsj22pP-ZicVs_zkIOEs4gr_mWxWQnvhgAzBTzqD4GHplLxSqTgAYZKCKzgs9zpPxMbZxkPrcE8McJ1GwIsted7WJIEYvD2adGNIQOfSYf8cHIlVYJH0bJrp-uJo5U5EqTPUlYoOvdRI8RWHdeXljvJMftAwGO-y2_Qqlj2s93wsOFoEWQv2ARmdZzoIE7_jYAeLppoIoC7KkFc5cVUYYHWcTZ8zEUXNqVSQp4jhJt0iTRIxpo8YRePYnYi-6--G7tIfCUcJajZU2piiuwhMu82BiGL_1wWCEKZ_m19LU4vLik5GZXta75dzLc97kEuFwS806q4Vns5O3T0hJDV_gfk2v8WzhotR0kPbVv8-Z5yze7Fe_r4itXUfQ3eW96Dk98Fdyj8VsqKuXS2X_ir5OULOGKkCkVGYeXamNXFJaRKgl8nBjP_Ld
29,Brink's Incorporated,Software Development Engineer in Test,Utrecht,"<span class=""css-2lqh28 e1cjmv6j1"">3.3<i class=""css-0 e1cjmv6j0""></i></span>",Oltre 30 g,https://www.glassdoor.it/partner/jobListing.htm?pos=130&ao=1110586&s=58&guid=00000186308d58a0b6bbef4a315bb7d0&src=GD_JOB_AD&t=SR&vt=w&cs=1_1f850a93&cb=1675851815929&jobListingId=1008315251816&cpc=8E5F572A54D8FD13&jrtk=3-0-1goo8qm5uii1t801-1goo8qm6ih7hd800-c9f0faea388afcc0--6NYlbfkN0BM7awE714hjBBdR8Lx4ytrdsQHLXL9JMzYFB2WZi3iJ3EzPSFp_M8GNCOPPBA81Md8Xc72uEI4ldTmoRgdLrN7fi_8EFkauos7aO4jWVDK9YE12tX-S_yhWUgYaTzDIyQLI1sQ_hj0zT7b_3jcn19AhGPbhHAViOidmr7IFtA9jEx6cC0Qt78eLHdr_7tuRcTDjsCGsWG0AN9t3oj6j40Wvhj7zmrduvCd8RPA8ARv42FWESP1bexT9w2gjzv_uJf009PgzFP15KtEOfq8hseseh86HzKFMhOLgfgW9MZ0LpB6-d2h-gJ2i6KGl7DYLFlN6L58doICOueMcKyGCTr1yvewSMTxBG0nQlqqzfGVODafbSn3rYGQK1VLwJogtRQW-2gTDa5zPvgk29kNYtnPHohuS8gypBEIgaC5WpoifjakRROe4AWYZ-C654Qrz0XmMB5wZJpMOSdgdaV-neKPmA8fB4lptGLjhmjFg8lOqu48tWx9hQXlY2skFbx6ZF-XXTjOvXiQoNORnhxlKV8hmZhIieNq_dJ1vQQOfyDxC0RQ50nePYkNM6UfpmrJqX8TDzDSzZrJKi3iHRqMCyWrU88-SK5Kf9T7Wf6lCw-MdKwDUp8dyHI9CLLrWdoOgZ7GpnoW_GIze162heTiBZoIxhD0cl3nBOE%3D
30,Maandag,Factureringsspecialist (M/V/X),Amsterdam,"<span class=""css-2lqh28 e1cjmv6j1"">3.9<i class=""css-0 e1cjmv6j0""></i></span>",Oltre 30 g,https://www.glassdoor.it/partner/jobListing.htm?pos=201&ao=1110586&s=58&guid=00000186308d7bd488dcaea44c8625bd&src=GD_JOB_AD&t=SR&vt=w&cs=1_d8174ac4&cb=1675851824870&jobListingId=1008296150412&cpc=CC368EA75FDE93D8&jrtk=3-0-1goo8quvrma6p801-1goo8qv0hi3as800-1b14d44f4712deb3--6NYlbfkN0DqswAWAkr6YKETq8MqmS1Qy2gD80AwDVRJhVo248hEGwb756YD4oHRPqNkFvHcNUfQ9LL-M-ia0WSE9UAVlfAeiO90MlW3KeCGpSWYhfrWrK6SRvtj1GNtVUAYWra-5p8rxW8hHnws_eMUco6sTK5ECwXuUeQFCgiSDBOnEA0OCWqb0ydoVqeuqyaw_z2-Z0e0_EWv12b9BOWMvTxKXbWmFZD_aAvtkrDzy1r5gxZRr-BMujFc86M5Sc2yxpQca5qkKn6ox0NayW3c8BzHPrzTZ1FRrdDRuhTRDPGXe_aoOlfxOB9cUo8crDSs678qw924QFxaUlcTwSfkX1alPqCATpPKM4c9KOzriP8585MNOgsocf3roNuLXSsi4-kANIJZQdNkAeJfc5tmIOx_PhRkzwVg9FSHSDvQAoHjyfFBX7BJ2RkBho_n9CfF3nctbI055VvUch1c1P1sR16H3GFTpOaHPfa7_tOD-7R-rFHLQteIAtNrDSr-1U3ph-VgM3Eb6w_Rp281h-ycvXHu_4a15BKk1uYMrNj5eFhE6g5YvNQWVcFWPb3JAPnB5W0-OZER91OGifL-0gwiDkGSXAHhtAzBsT2mWruYi5FEuTsdQhulouVEY8HaS0fXgKTSfuQIYVHvJg6mnTw0TppmF3ocWN0-ZahnBQ-g3m9o1bneyV8fv3jbUt9RhhAJQawgHdM1mH0My8mW_w%3D%3D
31,ESNW,Servicemanager (M/V/X),Alkmaar,,Oltre 30 g,https://www.glassdoor.it/partner/jobListing.htm?pos=202&ao=1110586&s=58&guid=00000186308d7bd488dcaea44c8625bd&src=GD_JOB_AD&t=SR&vt=w&ea=1&cs=1_f0ca44db&cb=1675851824870&jobListingId=1008373935751&cpc=3AD66128EDC9BF34&jrtk=3-0-1goo8quvrma6p801-1goo8qv0hi3as800-32387141e67c16ae--6NYlbfkN0CeXgt1iG3YFczuD2iHUGKpoxtpamN0512Mve4Xs8OS1TUGfEqQ8R3aEBBK2mIt6wkteaUpBfAXPhC3Bu1m8BMpziWCW31unEPK1S5UL1YeKH1Kea-2MpGSvak797rEPwAh-qnm21LMcac0qrUkbcQiYsArjkhaJTneHzsyYbLNJqU2itl_SQgbAvBSSOnCLd-iNIlOgGE2Xv2JCaFwjU8Wrmkh_NLqZ0DIin9v--kxRrJAItn_HzRTtMHU-Ct1i3BVru7qAaFriSoM2NCJxSIrgqjjAJy7zhfZgiMx12q2rP0Eh6Rs0Z3wBvNkoGC4pMRcAAXpfI95S1qZ9mljwW0hOVlupqM8dBFZM_c3jzkAtdbm7hn44V0ubhNFzBHLaUFoV0FeJ8Fidl2oWurh3vlKrsJh-cyY3ft_QsKKJMDod6u7vDXscMTbq9ju3srts-osIxRnZN5l3bvOS_zU4eI39RpM0sJeuTQ_XnnAPXRcUwG65fa5HA1MMhU-SJWbaDxRZ28S5i6is0RnieroQlbTqbvpgwuE7CY6JMqFDrwL-Y1ErhqMcuxfgDl_B2NF11PKNnY_OpXSyq8X5ufm_OoP1a5NGdGNDpfMVmjYvauU625K9LLvdTLkQNH3Ef9-LeX_gMvH943xL8FWwItRNRbE
32,Klantcontact.nu,Medewerker Klantenservice (M/V/X),Amsterdam,,Oltre 30 g,https://www.glassdoor.it/partner/jobListing.htm?pos=203&ao=1110586&s=58&guid=00000186308d7bd488dcaea44c8625bd&src=GD_JOB_AD&t=SR&vt=w&ea=1&cs=1_ec4b7329&cb=1675851824870&jobListingId=1008279841421&cpc=F5C28E8E9C0FF410&jrtk=3-0-1goo8quvrma6p801-1goo8qv0hi3as800-9652b42ef3b259fb--6NYlbfkN0C0pOsGxsOOtIX1gjDBEn-S2efBkC1Pauk-x4JqJIGX7KpKdxM1gVc7yXmR3LqyrFW7_6fMezWAR4t1p4B-Fr8d9xl8_la1F7FpHrN1VkVY_oQeaMh_5dMpjTD8aVe2UzxjLih8Kqoyop_SLNYb3kOQh5PsMFQAgWmObRrNpNFItrxCRaYpExdTgdu7HTT7AY8azF8oc8LXnXB4JwuKbHxExi9_9ok0QQbN6JR_cx7JLCygNdjy81KLDtQ4-P-vKjhdlTSfdRbNJZVitUV1F8toFe_oDKyxdjXNkDaH59gUWNe_HxAJGllEmnWTgk5kR3rWD6rQc93wIKjkg_e5jwupFKMK2nH_BrY8ZTH5jlSxgj8uBmwp7t2H7n-0hXO3s7sLa8Blff2qKp5dJy2RT1UWEZeaRA4D7HHsl7rUDo1TzwxgkWuZUoFPfliBFrjk3xnhaWLiKhyYwInY7n7ZOtU2MWP5LHyt0rsmXMmNQJwM2JxL0SfuCmD14u8MX4XkhxMiFAosKFivP48gVOaZbzzxfgQmn6zsi9OwRTeFJeuFK7hneZmAxz--7ZC3IaBNuNsM9MOijCKT3pIiXH_dG0uvMAQl5ZCZIMu533untzw_7aUOPxvbi-y9MfoDDUMccxDrI2g4Tmj4ESZwf5s1GqTjpmP4MyEw_dA%3D
33,TintelTuin,Pedagogisch medewerker (M/V/X),Paesi Bassi,,Oltre 30 g,https://www.glassdoor.it/partner/jobListing.htm?pos=204&ao=1110586&s=58&guid=00000186308d7bd488dcaea44c8625bd&src=GD_JOB_AD&t=SR&vt=w&ea=1&cs=1_cb1f306f&cb=1675851824870&jobListingId=1007116929622&cpc=8D611544EB90A190&jrtk=3-0-1goo8quvrma6p801-1goo8qv0hi3as800-777d84d8aa37d08a--6NYlbfkN0AwG2chUwAcSJVCYEPLdyW_tCkLbK6QOfpWrr_uck7rRrenxkWChB8Sv2FYxreB3E6ravsyQf4I54o4_-UGoh2mDhU1wEw95qpssFOzUO1mnUXijrMwZ9oKwmNNfDVw_FrQUf0qKSigBNQmzu-w7JipXSUzpiJbSS0RkwGXgIGND8DOIIxi7saDWafzjsYcUI_Qofy84ppQ_wnTQdFifa6JzUwpl92r8SmeU3ozaJxCf7h3-XwVe4F1kdo91y0CoPhe1iQsLWKiZ_rU2lva0ikVVAC2sAxqjNagskr1DTlhEuitrXJ06fJsgKDfuyuEQroQBjUUu0tWRsrmUxSwpGBj0RAyWrJtduXWXr6kBkwLaN7SghNrUtW7eVfEwhfptT0eRVCtF-fqSqdhk83-x6neeiUGcsznXi4_516m_UdHirOovg488Eif3_OhJyQEU28TOAfTTUk2IZ8BhDTmQUq6OkmlVU68pBhI0FyQorbry5bae-N0xrXlcQ8nGKQCQlAMn4Qcrv2THVuaRxcbqvZh_G1Ffx2t5Bs1qPVuOEFzwFgFou7EUSJQxQcEtU1YIo9fMRLs1YmHMCoF5_4vDTn6vARnlYh08nEq5M8v1B7RksPz2O1bsWcoFWSGYRBS13gFrpDlf8Uyltan-9xhlpzgd4z_vY0k9K4zHXd88BATFfMNrh5pBghGWtSfDT3y1I8SdjtcAIZMI1NkGhygxnwQ
34,Zorgcentra Meerlanden,,Hoofddorp,,7 g,https://www.glassdoor.it/partner/jobListing.htm?pos=205&ao=1110586&s=58&guid=00000186308d7bd488dcaea44c8625bd&src=GD_JOB_AD&t=SR&vt=w&ea=1&cs=1_27a81886&cb=1675851824870&jobListingId=1008440210623&cpc=DF1AA762BA2DE11E&jrtk=3-0-1goo8quvrma6p801-1goo8qv0hi3as800-29141c01e688374b--6NYlbfkN0BlzEBDHmw1ysUKivrZscVphhTPvm8K_dtvLGVmxHLn48UfIOE6HNq4_KlG47En7OIKo3H10yGlMh9ZndHUGkZ9X90ytxXDi6xFcj-bOmaTwbmfGJQx_f5C7CNRZTm7CKOySdqBChixMUxutVwHwVBkf0VOJ1MoJ86d8iIFYQScyO5uOsJYpapK6Z49sZ33slIOhBStSrWYnos7RE_NvXjqiDkgGVppFknLfW7zaLFbNy4YkGls9AW286HjsBdIdJvQTrs49isgOBV63DI_hCthLrjALxeUo9YZXX_GQNw8eJTJKoPxwFQsamIIhgk0tjPDYy9yuy0ldyHCpQBDVLA1bFlqKpSl69OS2zC5OMBDOCJnwcUcr-Q75GMWo6CW6G-hgjqm6gw7VqpU_W6HRDRCaHKDrEzBvo3bQtsBSLofKf0z9j8Gxw3P40PoAxmM7vzyKb2uaXCl2XIac7vYb6_wLQ8RTGPmV3Xfu1-cyDGbmeSP-_K5RTHB7mGkuEdjQi2sUMtihtBc_pfRYng2736HkJbjROHsMeuymaoGI00h1zxSviuIaumBj_17BLJCCFZM8MHwg2NwTMhsXK5lH2VCEp0U5osrMRAcwHCn28uDDX689eagWPsGdmH7SL0rUegjVsrFOgvY7wanhe6LMhvdAWzKz7hJ_vjlDiQmfX2D8YHb99X9GQ5jau0M54pUqBLkdt-FLIZFIQ%3D%3D
35,Nederlandsgroen,,Amsterdam,,Oltre 30 g,https://www.glassdoor.it/partner/jobListing.htm?pos=206&ao=1110586&s=58&guid=00000186308d7bd488dcaea44c8625bd&src=GD_JOB_AD&t=SR&vt=w&ea=1&cs=1_99cb7952&cb=1675851824871&jobListingId=1007648261216&cpc=DAAF328BADD9F0ED&jrtk=3-0-1goo8quvrma6p801-1goo8qv0hi3as800-e7e699add0521d01--6NYlbfkN0CbgRBsPUlW4ZwMP_l-dfg_-LvMDYw-pLvoKtJpwgWEGCWg_aqhnmnFf_pZ7I9sJ6fRBMg11NzgsjbpcSQmosQ1SZkwO3U7BS37nzyYJGjiXF4XaEih1gIa2AZOjNutyicaVdXDMHcs1sDpVlI3cULFSICSkrbzJGU9FCoXCVuSf9lrd8QaJ3aZ573bDnq4kKlVen3sMUMhcRSf3UBZwwDRT3miKMMJKyO70mtqlO4CFUA_QyOo7OMmQ3noQsGudG1Lc20VCnBAVA27mZ5AE3x1TRgGiOQPNqb3KCLNYMGg9Tmf-kHgXtWHBe0n9cZgfqG3ZUkeg2RCOFJThyGpUOUHyqSxsvjlmVZSYfOlIHM3jLcw7sMCqq2hZuaPog9XCy0LIYJoI7Z4DagZDEJ8dZMhxTHR1LlRsHNrat-XaFRPYA4_rizOoHWcQgSfp0qVU0kQ_FSnuCTXufDVD1tdp7iMa2TEU7fa9BFaA2m0Pp04pjk_iPl5KfA1VLYP09gJht8EAcRzMVF-6cMr7CTDoK3YHDICgZPnxeBMmKz9AtnDcAVYCjsz98jpJYXAUM8-C2YJYvwZmpUzdFNjIkzrftwQ
36,DAS,Tuinman (M/V/X),Amsterdam,"<span class=""css-2lqh28 e1cjmv6j1"">3.1<i class=""css-0 e1cjmv6j0""></i></span>",Oltre 30 g,https://www.glassdoor.it/partner/jobListing.htm?pos=207&ao=1110586&s=58&guid=00000186308d7bd488dcaea44c8625bd&src=GD_JOB_AD&t=SR&vt=w&ea=1&cs=1_a9c928ce&cb=1675851824871&jobListingId=1008382812794&cpc=B3B142CD6B71FD88&jrtk=3-0-1goo8quvrma6p801-1goo8qv0hi3as800-33372b42dac67866--6NYlbfkN0AiIBMuQG2OvdRIXkfevdx_BmXGaQ9T_0GjuQnyxvlqGKnXvUobr2bAWfp1GuK5V41UI31p3hR7XsXb1wg3oLcI7G3-jY67vMsQ--8vJWNK9yQewh1N3ImUiuuwT8nGZ452ttXr15LFR8lPaPDhlpFBbIMzvtLBUlcqS87654FN0jKUogq2AToFGsyhibcZKQuhLytMFDfxFSdb8qUNLezRJgpqCKs0i62IIwqWtSKZaRRl5wzJYhl0MwrqKVjtS_kN1-fXetc2CERkB3jHbBskpsB3cRRhLcaD8qofAk6UCYCe_8OQwSYwL2L-ps-S_dYraujLURnpEug8KW74jx6GKHdZxz_0pGpJEcR9TglsZWyMdOZMxq-lFiEl890TALA4OWl4bRKy6xeIpoz5NhbBDdgTOaLaVjzR3G1cf3BW57QaZocY1N1pwXBFNEcEYxBPlDXqdnhCBC3CglI9a17wfbw8wKXXkgMJVAKFKq7aYymgfDGAqeansbsHiTXrh8gwZjlpY2ro__ElfTbGZCIP0pBSWl-WRJay1BQtE8GewPolAPfCy4lXi-ARLvgp0e7l48fkYx9AN6yDgNyNGt9VwaBWDNrFFjUPtf0OHntLrDwwvGaVR2b73wxTQ-kPhL-mDPktd4QUGC0l4-dnf6IuNUyRMfPY4cUtIqrDwJ9U0lyaoiFoF7BuLdowXQ2suO6b38G4BKKNLPswuI93Zco2-rwDJrQPCffch5W9yyX1A3hp2x2y6sYENL6NU20W_itgT7KZPihxFQL_4UNbPw4BzUaZ0kKYJ2mMIZc_MaAzP5PUvgBqBkoM
37,Claris Zorggroep,Inkoopmanager (M/V/X),Amsterdam,,Oltre 30 g,https://www.glassdoor.it/partner/jobListing.htm?pos=208&ao=1110586&s=58&guid=00000186308d7bd488dcaea44c8625bd&src=GD_JOB_AD&t=SR&vt=w&ea=1&cs=1_9ef0ed82&cb=1675851824871&jobListingId=1008339190827&cpc=3DA0FA6C05AAD4F7&jrtk=3-0-1goo8quvrma6p801-1goo8qv0hi3as800-d94b2acd5d49563d--6NYlbfkN0AXJSMjx0WrIwiv1Rnr0KSP0osxTofzQ-vL4jidKia8v15Vo-IoKp_XMvdFCGFxA9143tO3k_BOWypmd5BzbQmD02Pk7cXJfRYV_Q-gWSRINVDZ1fRqJ5VuUR2vUi2w-8Og7htoH3O1qATJcJL8OOr858NJYiNnqA6R-M55LmweTv55P9O7nitqjpeT1-APivQ6pxU85d8gCVGB0ycx8ryVj5zIgRzwSzO35kod1GRhumSGjFxbolAW_5c_ICCIQcSXNnj7dy2nkxe-JZv4YY5LDVNRs0ZdMa6xNPdRZqlx0-DD3xirn6dAJwzVV11x5wXzUk9I4G3k572NFNWcYIcs6K9S__2iCEMhH4IdQW37wC5H5w6ux8Xu2WqgFW0tkI93-EXviX7_ZLHoXtiVIVKJ2n3RCgCfNLFUCYXGak4q3ev0hE30YSQ3GA17bR3bInDzmpD8Gxu7gCDY9CTBAA5ec5_n3Qk_9o1zDj9Mm575jm1C3g_3oiMOzweNzxyNPwoOBODCQN9_DfxRNH0xye03ZA7jZHaaTobvOKCcTPO6O_aMOFuDaox3U_mAojBWYttrOhvbhBk-rm6nPdCGgUh266v8dbGaGLhjZmnLrg8xMcx-2uFNuyNS6kwLmqWsWP4-uV_7i696EiOv0kQBCjH7RouuSpzSNw-39VlngDsPmbQVV70TUcNvyrAIks-abds%3D
38,Bring at Work - Sollicitatie portaal,,Paesi Bassi,"<span class=""css-2lqh28 e1cjmv6j1"">4<i class=""css-0 e1cjmv6j0""></i></span>",27 g,https://www.glassdoor.it/partner/jobListing.htm?pos=209&ao=1110586&s=58&guid=00000186308d7bd488dcaea44c8625bd&src=GD_JOB_AD&t=SR&vt=w&ea=1&cs=1_c9cca737&cb=1675851824871&jobListingId=1008400676636&cpc=46E245B94324F916&jrtk=3-0-1goo8quvrma6p801-1goo8qv0hi3as800-d31d40913a13c456--6NYlbfkN0Dw1WMjpE_dGodtQQUTIbCqv0XfohjF_uGYIC1bYQL9CavVqnX2dFEAuCSVMXhlX4JatUSpJxnQsuZWU80jvm8EtcyQV8fsRphbRorz3ReRaJblrgwKWqBdCHQ7kUq1N3X3XuGHapc55KqInjTwrI8f3Aq13-oYy7-8ZEjp57nUiIvDxCqa9sH4qGn3n4UNocWcEWoPBM30i_O8PxZHyMLYiATfeJt7hURfyGsgdkd72djFmke5NHYUvtoQDoCZx0S-gHFoOHHZzfskcpmkBpsV2GI54BYIROj1kbv-Ka7lxCW68b3l94DRSr6wceUzYWhb19HpDqRMeezDqCe3iU0HMsjt9enZxb0dff-nSeH7qIa15yYSbDwzzbody8SwslXpwS9bMIwkA2YQYeZLlTgZYG0MtAFyhasO-FCrjl7C7ItHncEUH1HwYAwIpBsV9YvRUlqw3V18kAj3wOM3Eu_7ejYL_RAbAw-QkmTrJ7G2wzV0i4eTYqQ45b9SdvS585I1svdVDTSfukH6EG8b3aMxmioOOrWOdDld3716KqxghjPXRe4f0NWpfmNe7uEgxmlKV03-VliUMWGbIeU8Iftx93hF3iCs7zckOHBoGjncA3tXyTEMEc6YmQd5PMbRO8q1hKAnBVjeSOIx8h8zUqVu0R55Un6_hkohJZB6URUJrguzsvvhaWNaAhIDC-Oy0x18jT0IRsBhaV89cHcq2-lp
39,Koninklijke Kentalis,Begeleider (M/V/X),Amsterdam,"<span class=""css-2lqh28 e1cjmv6j1"">3.8<i class=""css-0 e1cjmv6j0""></i></span>",Oltre 30 g,https://www.glassdoor.it/partner/jobListing.htm?pos=210&ao=1110586&s=58&guid=00000186308d7bd488dcaea44c8625bd&src=GD_JOB_AD&t=SR&vt=w&cs=1_852e85be&cb=1675851824871&jobListingId=1008392594930&cpc=40D58474E35604FD&jrtk=3-0-1goo8quvrma6p801-1goo8qv0hi3as800-8d0852c536a509fd--6NYlbfkN0Cz9BZxI4mr-o0aF80wLb2n3n3ISX1-yua27PVzf9CkroezzqZuv9miEIqbDuTUeB9j0Mrt-61qyRevQ6iXumYLVWcb0XUYzpfqsH3cZGGv1bj0iTLt-R7vMFyukfvggRrU1ZGEgyT5N2lbfbpk5w8sF1xIRWOIKEZadsDkciQDtL6zxdHgS1yQDgkWqQ3QCjdBAv8fXHSDWIIiDArZ4EpYaJGCS3-xa9KWZtg7kqcWHGV-r71j0q7yEf3yHjGY12istZViWRNtI3nwUYN9XpjpshXS1_vgtSQDgNdziPb2w1KERqhK_ft_JYJkP3nmeHlhGLELQ1jNOUkEXiMaQyS8xEki9RDNK_9czBofQoNaWVWQ6sr9cOOUn8aBXca9l3M9A10aBltMt9Ej4T3mYdd-5Hq2cCQq9Ajdyimtfp98Gp7FONOl8ZEbClPHJ-3PD-MhgKL-zoHLeTFNfXL-98HNUljX_9t83BkFZdjE4_JGogQSUYMiSCUDvm7K83hjwulMYTfC0rlCECXmOSL_9v1hjDWVMgO61HE0ubEwIkPJozmFi4MSQKCiTEIOyBkmkR7caqqu3Bt3nCHNXcgLUgIE2mhzRSdPf4llS21DimL3PVTj0_jhPpVO_uWe73ZjlGJiLcb7wKUQNg%3D%3D
40,Arbo Unie,,Amsterdam,"<span class=""css-2lqh28 e1cjmv6j1"">3.7<i class=""css-0 e1cjmv6j0""></i></span>",Oltre 30 g,https://www.glassdoor.it/partner/jobListing.htm?pos=211&ao=1110586&s=58&guid=00000186308d7bd488dcaea44c8625bd&src=GD_JOB_AD&t=SR&vt=w&cs=1_02d08bbd&cb=1675851824871&jobListingId=1008351091570&cpc=3DD0BC19EF1D218A&jrtk=3-0-1goo8quvrma6p801-1goo8qv0hi3as800-de34a5a478c2cbe2--6NYlbfkN0Brbo91v-tFfE8sqpUIMwuSgwspYL_15FlKNkAoIsVgeIkXJJNQz152rxwQE7qtRlltkD4C3CYYq_WdjQY7jgUM_HuU0IKOzVUx1Xrv2uudpcQ3-QZ_vQ8lyJTPeG7vsSRBzPFM4Q6ca9lSCjwxvft7FvUhO2AmVP8avRkw0wqjIHTvyEmrbZlNlstt0QeaXIj9nUfqd1yHhIcx6tAfz3XXaJtYjySbU4Ea6P9cRIDIs48NEc8oxVXGBd2e9L41O3PUqtEK05y12QNyfLg1atongE2TRkHLyzUzj068QphLNFZnEWAeIeXjfCBN_hW4Pw6N_YLJnAXHoFukaY4jUfvI2mwUcH2OSRaRhj5R9zvg6Q62DJ3AjqfKAU4BvpiEvioj8y6SsxBMaXizvAxMQrwWlthrKcblT7-OMQwPHrbOsbWuRCtitKjquYA-mPYUQCrfOx7u-zqEP1JB-3ZKTKIVLvSpQTt1-9QJ9tuK_gHXu_jkaBdDO0k_Jcv_KURrJu3Rz1uF5zxOaahjJ1PmZd-AY9mRPj78UsxXreBBHdPz_qqAf6P_9FTejbodwTZ-7WN8cZF1-vTCuo5fUZHA9yNVYSnqvkC1Xkzyyc8_3rqnfsO8WJy5g_Zl3L5PQ7V8ZmwbUklFvi9SawAoLdt5axqAIHdvCpIDwH4%3D
41,ChipSoft,Werkstudent Stagiair (M/V/X),Amsterdam,"<span class=""css-2lqh28 e1cjmv6j1"">3.6<i class=""css-0 e1cjmv6j0""></i></span>",Oltre 30 g,https://www.glassdoor.it/partner/jobListing.htm?pos=212&ao=1110586&s=58&guid=00000186308d7bd488dcaea44c8625bd&src=GD_JOB_AD&t=SR&vt=w&cs=1_9176c879&cb=1675851824871&jobListingId=1007117608020&cpc=F28B0AD999D41ED8&jrtk=3-0-1goo8quvrma6p801-1goo8qv0hi3as800-352416e74eb802f9--6NYlbfkN0BrQ6c-x1kauNDry2rheojozIb2maOx9tO6SqBrj9jfYueNCr1gZRgYc42rJ08TsEYR14uE7LQyoAQ-allBIpeMJvNOhvzAOeHsNiRb8HwiFZE3s37DxijyuRRRxRyLwGkCLcMH0K1fjhzPXTDg8RIxJt4mXQyPZvyAARvgUdFWHf6LnaJ1s4zZlf_ETmdbHv3w-hl0E47We8ZQrT386sRAPL5sAWlUrPNiWysNRmlgyNk-3ZESZtjd7AaMVRCVXLekwFOzhd0dyi6PNPmbe1S-gVqEEZ6J65k2ayGKnQClkDJb8tFQO8nxWJxCQJ1Dkx_HiuafbaMxif9ofIICD1wX6jLhyBIs8Y0f-jd0NDwvEvhre2l8C3dLvU7lBS4E64WU3PHDcm4RuQh3QewksRxeOcfMf-k6b8COkZ_-pjGO5eZ3vRc2LF9Mts-NoAp_0dLjrzxm1rQMNle0v2_ri-K45pD2ObOa9Ec8XlUzCRVRwlkh1J7zVCbVJpb5gpF_MjDgWsG_i4dGNlVmsPuKMhg8XfVkaOBEvlzlddP6hiD8q4oQfoBFpE1S6WUlFBlscZeUPKcpnC1OnmHq3tCcVUfwIy_D5sAxeXXYF8wlkR-p6J9ftCjwGZOfX8lNATdqB__FwxnUrAJqDE35n29d46sJzUKQP3iBYuzZGNtDEVYz_ucgWrA6vYsQ5BAD8n5nnJD3DxQpTRcenA%3D%3D
42,Maas College,Teamleider (M/V/X),Amsterdam,,Oltre 30 g,https://www.glassdoor.it/partner/jobListing.htm?pos=213&ao=1110586&s=58&guid=00000186308d7bd488dcaea44c8625bd&src=GD_JOB_AD&t=SR&vt=w&ea=1&cs=1_3e5e6fc5&cb=1675851824872&jobListingId=1008138870838&cpc=433531E67E150D35&jrtk=3-0-1goo8quvrma6p801-1goo8qv0hi3as800-e6791ebcd48a330b--6NYlbfkN0AkRZgg7fD3h72zieCDdP461uPa_FHSs792iaN3skwyQ5vyCm90tYw_KIfB5tlKNsY7mdxKqy3iu3ZMnnBRDMYQ7WlcwrE8RmHqTxK5oWxf9h6_600NzrBSLEAupIQthzn-dS69aK9WW48oxtJx5VL6UdWzjOz7VSCx2JVAoCelVFHyQvLtYrR9wfcQHPUIfsuxyScfcyRGLoSKz_MoBJ81-kpX_NokXNrcttkT57jGFg9jrJGp973D9UeUo0vtFeJ2AWGp_SzBb9y7abgHihgMLotQqVXqtkvWjuZ0BLg59gwr6k8vDTn0-V7W_cpKWrby-kl_TzVMlcGjaRIVmXGdEOZuxksNKhtxzW1-OKdNvzU-ywPmAGpbRVofoX2zVb98g6HO5QcM1SYC87WWo4a7lqcGh-GqEEL8lplmwX1BTx7C_YqCDaSPCuRDvCDEbaKcNpr1iLX8U76F7Z79enTZC-EZALpibYLe6GN1TqV6Cnt0seROQoB1DGcQcuLfMOvQ0l1tfly2Yhi5AAEIzz3W5tUhU3zGbDPIcI17IxBGTpUK06ZbnM1xLqtv_FYdWctwXpbd5Bls4w%3D%3D
43,dé VakantieDiscounter,Coördinator (M/V/X),Amsterdam,"<span class=""css-2lqh28 e1cjmv6j1"">3<i class=""css-0 e1cjmv6j0""></i></span>",Oltre 30 g,https://www.glassdoor.it/partner/jobListing.htm?pos=214&ao=1110586&s=58&guid=00000186308d7bd488dcaea44c8625bd&src=GD_JOB_AD&t=SR&vt=w&cs=1_d66aedbe&cb=1675851824871&jobListingId=1008373826875&cpc=BD84E2634C97445A&jrtk=3-0-1goo8quvrma6p801-1goo8qv0hi3as800-2a33ae94e4af4820--6NYlbfkN0D4-FvyXKQKXXE_yuWF59qrvyhr2N1RvmEosTYuoJ0fRGGjMAEvw6CfrBdgzlz7u6n6D_EqYg3MyHzNsYIVMxxaQNDVdwxgzZnqv1dFv8FHrvqZWHk5f6Ay8uIFNwPj2Lu8ZqjrUnbfSpMRTDliHztPiBIbl7wX8-hMsj22pP-ZicVs_zkIOEs4gr_mWxWQnvjCdEbUkflAHski5Jhle9EHWw_thL32dv2Du8h4FO5uSW0VhFrgnIrKrUGVGroRU07RG4-ddoQjNQTeK3jfzzaO9NjfcPaoi01GvmjC2hKznEiqXSg0EbrFF6irezqUlvld7Az_FMGhyXmAO2AlRnHN7JSQKfSn7SC_xg_LrUAlVCvHr-IsktulVmj6fy2I5-UO303HwwEn50ytdmiUNE9h9hVMC3_wUJULJ6W03127-4bmtkt7RcBaWnT2BFrFCo6Z13ekjrHjiTXu_ZXGjMq3O7Fdsb5DYLAaq9x_5hJN_Od4dq7Knfp_EBiPpvo8xzyqh3AOF_TcRMfRHUwxq118epBqclPBFW6S6qwPT635UQwSB6F8E5QkOqPF1IIkgQaqK-R8bp3GeXR0MU7FSZ10
44,Zorgcentra Meerlanden,Planner (M/V/X),Badhoevedorp,,Oltre 30 g,https://www.glassdoor.it/partner/jobListing.htm?pos=215&ao=1110586&s=58&guid=00000186308d7bd488dcaea44c8625bd&src=GD_JOB_AD&t=SR&vt=w&ea=1&cs=1_11187897&cb=1675851824872&jobListingId=1008252824740&cpc=272371041934AB0B&jrtk=3-0-1goo8quvrma6p801-1goo8qv0hi3as800-3d4fc2eeb0057065--6NYlbfkN0BlzEBDHmw1ysUKivrZscVphhTPvm8K_dtvLGVmxHLn48UfIOE6HNq4_KlG47En7OLS3wMEAasOh2SwiC6X2IyDeXDkrvBo1CRpwEjCYswPI3EtnV6rv-m3aUE9og0fQ0OOsLyIgj11mwO0YKM5npaEMm9VaMkfo3PxCHFUrCX7Z7ToZ_frWAPosjc9_TjAHGeKLSB4rd01FevIOmvYXJdKMLo34FoPbQyZZYoH0dQ5SOabPCzhabx3TeY2z4gafnsxs0WemVtECfa-bqR9nhIPrdMl2JADXjHVDIZ068UTBqCWm-agEV2xqV6SfScvkKc8GxvK3eneE_Dsrww3R4-oYtt6ow81UMGdt7efioTSXB6xPksQuN55oTnludFsUDFfRzifoudfkidNiX9p-i711k2mg1m4sBraaOTPNbM5saCWHFnrnIjQylFueg6AiCM_KR3SzmZp1YtoHb2olpnWVwIDDfj2vk1Nnv4cxVXkx_Os7fmrfyXHR5PpWaWjpnMJZqySJBcefw0EG0nf4Ab-UcGv2XH0YMlxAd-R5o6lWogP5JtRytyWT5n2pFqUypVPQGuhsEnGByYMPwujUOWmzpzy2f9kQtrJvWA1HpWy4C5k1fNlnBVVEzgbiXA1vK3pvhQiL2fMlh8_Du-XEIdUpyHqYkAzHX_YaQEInoTvrw%3D%3D
45,Camping Zeeburg,Onderhoudstechnicus (M/V/X),Paesi Bassi,,12 g,https://www.glassdoor.it/partner/jobListing.htm?pos=216&ao=1110586&s=58&guid=00000186308d7bd488dcaea44c8625bd&src=GD_JOB_AD&t=SR&vt=w&cs=1_de32c5e6&cb=1675851824872&jobListingId=1008430559621&cpc=A589545E5CF891B2&jrtk=3-0-1goo8quvrma6p801-1goo8qv0hi3as800-dc8e0cff05c06b3e--6NYlbfkN0CsRZWLH7d6ZAowZ73fWj_sm1BH69hbbdpT33lribjxxclc43P9eEsd0kGbPmZmjU3efkn4h8N3BmeYmA_qAgcIkdru-MS8fEximVzcBJngdTOFCZDL0WG80M2RnTDgjimASNZbJ8AUIpqZYk8cldMXfgYZBp5s8UkSVi8a17qoIrPgLKsxOt7mF5M94qD87t-W9cKU7lQdKM9mavIlDkooCK7wdpuiK9vzqewajujwe66jw847cVWnDsKfr1pC6bI0T9OwV0vtZEtZfpad1b8Z1QCoZ6g23h914k0z5RDhHpbLGbZR8WAbPCnXw-IQGlzcxi0ZgnPOMCam0YQvxgMTEsecwPlwij1tp1pPcCVgt-nTJoYvMvAYEdDpTlY4WIu-L55V3ysoucJ9_ztBiqokxkaT7WW16MKCZOw1KUm4DmuhD1xh9R7Ev69wvS8U5eBlRpSkf1sfIolM4evO_LGGToNtzdt402tDu3h5cq0yTph41recfL1MG9KxyzMdVn8C4r4r-kvO65HInxQ48q_s81KTWBG6CSUT_9YddFpi_wJQXHLp94X1DJnzuFlxi4AJM1QbFHELKQ-7s6nIW8Yk
46,Ministerie van Defensie,,Amsterdam,"<span class=""css-2lqh28 e1cjmv6j1"">4.1<i class=""css-0 e1cjmv6j0""></i></span>",Oltre 30 g,https://www.glassdoor.it/partner/jobListing.htm?pos=217&ao=1110586&s=58&guid=00000186308d7bd488dcaea44c8625bd&src=GD_JOB_AD&t=SR&vt=w&cs=1_13a9a9c5&cb=1675851824872&jobListingId=1008280867480&cpc=F7BF06EBECC7ADF5&jrtk=3-0-1goo8quvrma6p801-1goo8qv0hi3as800-96519bbf31d67d15--6NYlbfkN0CSfqr_kZn0oOptnU_1_apWEmOwCqyLRk_2kSmj2yC_qWNhd7iGe7ZVnI27h9z1ooqPcBc8w781Oxq66hJQl_sn97Rq-MJCVHS7hVuXME01Vr5a0dmMn3M6jo2KNTtWmuLni0sKeweOGQsmZjw3FCvWb7GMV0oxDTqbGzzWXy0O8Y0gZtRCgreYWsrSwzHuH4zDhx2JHOKvJIARVAFbnFosUJAXtbEDp-XxoM5eJ8H-BfmOpy11WlE4O0t8oYhM02KhLTmbdQzQEFH04sXOmEq1iEo7HkyqD84eERPdFc7A85ufddyNQU_1ZAKg7IDPfOY9H6KhW6l2jpx-RIGZTJzSPPUXXhhz2h8HonOsd5PeBb84GloJ8Y98juUd4yY8enCNw7g417c2YvLGDGq8TQ3fwKjgwHuFU5qhQldbNrdp2CRmzf6iPhZE9lSwAtjEMbjxLsUBgQHUvkSlcEU4mT9gg8wKcCfH-Hk8KYG7Yo5codnpt68s3Ycz5-nes_CIvUDBOLDBMjC2rbld3pWGDgIFEgdQo5ziMJo4g8WlKlquNLKcX4-smO8p8XN7PYYOhAM4TAGWhkIZ31zzUmOdVKeGAWCXusRkE9exG4XVS-X2LuvqiTUQeGXNb84UFBLWlcvCDp03XmWH6bsZz2T5pSf6NX98QGj7TPOrx3ofgiNxXjFt0j9i5AeXcuQDCly2QQDsOE6StSYz-hRVVXapcDtrtyj2ZUtGPgAsUTIHjXMSAXMbkKFXRQf38y7LRC6XacOLUFlYevEgQ6SusVwzyAXxV1KoCoSsdN8d5sObwTQ0Ogf5F8hKZmh3w4ZwYRUntSvHQ_L2Ewk9tLyknsTxFrkAz3KqDHEXNye8jsPLh4Pv_g%3D%3D
47,Zorgcentra Meerlanden,Verzorger (M/V/X),Badhoevedorp,,Oltre 30 g,https://www.glassdoor.it/partner/jobListing.htm?pos=218&ao=1110586&s=58&guid=00000186308d7bd488dcaea44c8625bd&src=GD_JOB_AD&t=SR&vt=w&ea=1&cs=1_9ad58115&cb=1675851824873&jobListingId=1008270813603&cpc=11F487F766CE02D2&jrtk=3-0-1goo8quvrma6p801-1goo8qv0hi3as800-9daa240dcdcd3574--6NYlbfkN0BlzEBDHmw1ysUKivrZscVphhTPvm8K_dtvLGVmxHLn48UfIOE6HNq4_KlG47En7OKKEuB2BBhW9QFreyACyL1RNxtG7c412akLisBnMUCucD_l9f6yEXAAT_m8Oe_qe5z6bWFuf5ri9U2VCf7y42LhaxLDBpFyFdDe1nwiYDCI5yx3R1NRrQiGXo0lxbIJEoqUE-0_CKurorpBCDZnBaLASMFg-J_ooDj06fgL0mo-Nb8At7yMdholOAAOvVOpSrOgn6JuWyaynvV4W-MTCtXBH9txAj3wexN9NopqkPxQhRkUhkcbvCLiiPXgScao_GLEvy7nNKFZZ_BrYQEBeGRUjR6APAG2zxYgoNdBNcle6KREnvnBXt5-ASe3gyQqeqUc8LuM4Mwv_yT_zfvO9ZEzO_WnuSbHO_wOJiZDsaBO0VgNXAXeVXxY5o_nAgM4mYY2p6MyC3yum8NLUn2IJJzXIe81ScMMDg3PJsQGuszW2opuChbSyYeB54Y0t55LepZoicPtXFdp_yzTiqCIWryzXpw2HyXpSx2_nHkCy6WYcCMl1GOv3e40xPyajq6_AZldBylyX9wfGtjfq-BS-XmKZS5yWT5OIoE9r5BhYIZCMtpVkkW6i-2Puh_tgcpP7hBmjzJme1harIloXfBv6kuKA1TaEo9QxAERitwT5UMtqQ3wjyFGTbbCKrZ50oKg0oA%3D
48,Rijksmuseum,Wetenschappelijk Adviseur (M/V/X),Paesi Bassi,"<span class=""css-2lqh28 e1cjmv6j1"">4.5<i class=""css-0 e1cjmv6j0""></i></span>",6 g,https://www.glassdoor.it/partner/jobListing.htm?pos=219&ao=1110586&s=58&guid=00000186308d7bd488dcaea44c8625bd&src=GD_JOB_AD&t=SR&vt=w&cs=1_5ef3ee3e&cb=1675851824872&jobListingId=1008444586687&cpc=24589B7DFBADF147&jrtk=3-0-1goo8quvrma6p801-1goo8qv0hi3as800-ce8aab3d9d4d99fb--6NYlbfkN0Do5UHyvM7PNNpTTZpje16tgdlNHmWHFVCr3yeTmdQVp58HZ_icGEQv9wIhMffxDAlBXfLHyzAg5bpzKTU-NzYRGUqQHd_tCfRn5ziNrr3z13LZMQi_krPt-E7hLemb4nYVTWpY45b7eLCiZzDLGz_lXWYaz9XeTTaQb800MaJUtKrPY98pzZ5x_S6qA17CFJ20gdRsP2d6bvh29gf4oShaCAWBWojfbCYcyeBeWXtxceaQsMj7JecCsR4c3C9gCceVqfjWnsJxWm0j2fAC5oBq9yDCT2s15xUaljvfUA9MEQd79kFGxbQHJLPXf--7Q4K4OY__IwZUGgUSZCKT6Ek5clkX0gz03I2Drf0T8MKa27dP1GO7QpX5D6vtAw2Qa_rIv2jeFNDMyYYUcy7nmU3lM9YUgZr6tZ2ghf4l6qvArvw72eY9rXgT2Gf172qFEycB06KMPA2Xdv41y2Nr56FA4gXVxNLT3dUonNDW36Vu4Mhi0kxGbj2cWAu_oUojjQE%3D
49,Gemeente Amsterdam,Tuinman (M/V/X),Amsterdam,"<span class=""css-2lqh28 e1cjmv6j1"">4.2<i class=""css-0 e1cjmv6j0""></i></span>",11 g,https://www.glassdoor.it/partner/jobListing.htm?pos=220&ao=1110586&s=58&guid=00000186308d7bd488dcaea44c8625bd&src=GD_JOB_AD&t=SR&vt=w&cs=1_464f0b71&cb=1675851824872&jobListingId=1008433452038&cpc=AD6D47FFA8B547F8&jrtk=3-0-1goo8quvrma6p801-1goo8qv0hi3as800-c8ede64175b9bc3c--6NYlbfkN0Do5UHyvM7PNNpTTZpje16tgdlNHmWHFVCr3yeTmdQVp0IA07KhyPPl10HHffGE-rssLmwhS-8KmLJW5njHWfAVuB_NZoKVGZEO_raK6nDa3BTjeSIRQdwYgY0Zy2kuWTDmHWZ7zV-1QESwjwymq_1uFoXaJ39GJ6PDRd8jImTsrC3X6zymACnj4xJ2v2FiL_xfui5XFDcihZz8qprppw4KaSYqqSgLbnMatSKUUxpW2l1AFk_6WDlFaSai89t3kdRvIyqzmgSSS8OJpzeDOReekLxY0-QOeEIYPDBf3pqgJyI_em9Lb_27b7av69aO46lzwt1p5eKJGSRGBI1NZgwr_gaL-Cp8yLX2cXALcO31j6Y1qI1o7hwlVAvKWj0Fb3nDCnxkZDIQhbOkY7k2pjTJbe_eAJ2TzQS1AoPqXsHM3SC-KzZEUWEA3uAPDgmG8oIsZoKbc9p-ml2BY4tdmk1JfDCrsAl0K0_a3HcBtkCPUsh75I2cf1Ur8xX874iwo3Q%3D
50,Kindergarden,,Amsterdam,"<span class=""css-2lqh28 e1cjmv6j1"">3.5<i class=""css-0 e1cjmv6j0""></i></span>",24 h,https://www.glassdoor.it/partner/jobListing.htm?pos=221&ao=1110586&s=58&guid=00000186308d7bd488dcaea44c8625bd&src=GD_JOB_AD&t=SR&vt=w&cs=1_2e47c249&cb=1675851824873&jobListingId=1008457610794&cpc=98C5CF495BB9364F&jrtk=3-0-1goo8quvrma6p801-1goo8qv0hi3as800-18d2688406def346--6NYlbfkN0DCcVkdGVKtahEzA8XTCwWIRwL5SJs1lLubZf-8qNtJ-vhb515gSVCt9Ll5lt9A4ozB2sjcBXtdLNzi7z8ky-hAPitipwMwNpd9as7CKiQB-IL1s9X57yBqGXTXIxjKbCbGOpJylNEQHmhIE3sTjPFRnSUS63wkUA7Ge8Tu7exiY7VkIZie8gGrpLYvclezUNf0hIeVgyygELuVxTYhMnl-mIH0ybyFVsfx2fgBtcsK8lZfeUzo5eovpAybS-lvpkTpkXLLsu_Av1q0LlFRn4ZLARv78XYHQuWg82x6S3xtAFyf1nf0nnxV7DduLrlp8_7KuihCB-GGu5ggc-ni-OxLrfZp2DoTzFDK22EWz2bT507mGYxwtVkumxzNk9-C0_cL0khyIq77Rca17m-k9QwjcuNv8CyMGxycSqF52M9b0nmjDgOA314Yfr5WNhqc7pB2NulA62NS0wiNvypc02xTWMSzBRlynAM0GPDXrlT40yh7ypKAQDLWNOWUDjEslZHy7NF5TsLwQ8fOa9bq0i6KbH529CW07bg_Sz5mdzHOskAWEcqsP3NBkmaKOp3ZSFSdpwc3yDOULznIlSeEDOWbtx7T8-5e2fnrxn4EujLPkylwZnKoxds8Q1mBO8y9wTYm8zF4dYhjVKhTazQdWYfixcKMQZfnny43dWtUw7g56UmPDaioWYgZbegxh50QNOA%3D
51,Rijksmuseum,Onderzoeker (M/V/X),Paesi Bassi,"<span class=""css-2lqh28 e1cjmv6j1"">4.5<i class=""css-0 e1cjmv6j0""></i></span>",7 g,https://www.glassdoor.it/partner/jobListing.htm?pos=222&ao=1110586&s=58&guid=00000186308d7bd488dcaea44c8625bd&src=GD_JOB_AD&t=SR&vt=w&cs=1_ae14a1d3&cb=1675851824873&jobListingId=1008439770577&cpc=BE7ED86EB2F099E4&jrtk=3-0-1goo8quvrma6p801-1goo8qv0hi3as800-8fe4ed3f09769e5f--6NYlbfkN0Do5UHyvM7PNNpTTZpje16tgdlNHmWHFVCr3yeTmdQVp58HZ_icGEQvCI1AOmRUDoyfE1wjiiDDpSB_N_uclZHYlAuVqHJZ2bksSkMVin_M75StRoQEMTSBIVDGKvgzyjdWHFvZAipYuF0U-5smi9xIXSmG6XUHtwX2fhpSemtFhgThr_BXJ5u__VAPBBOD5ELVVhHEqgK6WVPnxn5He05gLsYu_0oTEDDLSE1lLjNu5hYi2E-Vf-vx8FixKcXv4DkYc_fH_Prvc45iHw3jcokqbqcmVEaTMMNAyZ4jrjjynP5lsnBzQvxaWtJmdwNiI--bDTB7p_Qs5n2SBFnKICU-wAB14iSAHkJdse9juPMqjX-ATvJ_idKSysxJqhh1r1EphCBak2MOBT5EBN9vfuVIYi5ObMRw1rD0PvjfZ1S2nzZ5vA5uBA9QNasAR_DgY8zyPgisIo4xH23XhOoHIrkVj5YitMt8wkEtyEMiQRkt4Vxvx4v2-iVI80A1dkOu-K4%3D
52,MEE Amstel en Zaan,Sociaal Werker (M/V/X),Amsterdam,,Oltre 30 g,https://www.glassdoor.it/partner/jobListing.htm?pos=223&ao=1110586&s=58&guid=00000186308d7bd488dcaea44c8625bd&src=GD_JOB_AD&t=SR&vt=w&ea=1&cs=1_346594f6&cb=1675851824873&jobListingId=1008328552593&cpc=998AB1121B01004C&jrtk=3-0-1goo8quvrma6p801-1goo8qv0hi3as800-8e6fa94000fc447d--6NYlbfkN0AS8OYJuXRbJD6fkqoUkB3J6yTg1wjG5NseK_toSKXRl2RVpBFrJSZkwFn1WNSdlEirD-FWBGYPSkLPenh4Y5JvkwgkIRPYQ_0UoTqde0vuFhuLgEzPeYLp33VNySBQranboNLsJJfxC3k12gXvNDyfPVnVT3OcLSN21aRAjxBIEEU1OK4E5c26hMw7KkTEzTtUIfDkU8rPj1TVkZejI_WOgch-1qHOBlRHv8GzHUIyYLnxx4dibWwPyOHKY1ssKTcrByzHxmjX4aVsdI6JKzBPWOr6ehXivaeiRxmLYGgOAUwGsWhHtQx0Are1dBQxVwh_1jimwK_WjYAPMMoWCbjq-C4VWBiwl565YjkC9z4wzMuXna5i7VaJX4uKBZw8BZniIaHSROSWEeRseWQqzK3Nc_q0tSsZ1zY77Dn-Rlt3jwrJbQ12FhMXeS4qko2nZloT40fxcLZm-fQH0ZDMWdP00Wmk3u_o8iG7jJgSrljjVMkF6HhHPdxUuoSMSr14vNulhMatjdA-hSCQJvLy1WSXQ34E5BL-SdA7XYoWz3-Kh9Ozq67ascRkMPnFTpemEtv1pu0QOvil0Cy2mNDy1BWFD5Sy6bLqNs68wIIh8RW8wWAJ5bKIwkO_X_eRvMB71fWwyNXvsc4OL7FnGjc7Ta6XPHR4XLuN8P-UUSKMmz0sZ1NygR-LpdBW2KWA4gL2h-XW4_ZRbW30vpHr7sLaelhQ3eYOtVp2vzz1Xtn86614B7oul9AFGYti_Qo54Sc5rQKR-g3CIOrZFjaj5NyKnvOJqHLT4IXy1bmTDxG0Ge9AWAad2EetwOnWP1shb8-iwBVcYS32DfbZVcEoBQPXmlkK
53,Chex Liftkeuringen BV,Junior Inspecteur (M/V/X),Amsterdam,,Oltre 30 g,https://www.glassdoor.it/partner/jobListing.htm?pos=224&ao=1110586&s=58&guid=00000186308d7bd488dcaea44c8625bd&src=GD_JOB_AD&t=SR&vt=w&ea=1&cs=1_4a7b6f66&cb=1675851824873&jobListingId=1008339258024&cpc=B0603A301198D094&jrtk=3-0-1goo8quvrma6p801-1goo8qv0hi3as800-01a525899da8f6e0--6NYlbfkN0A0wBC9CNv4jUuxmod38UQK4Tor6lRfImkYtRdr_7jkRvcqrUX0TR9u_wh9TpQ6tI7MO-_TzMd3ZGJUVY-9WaoHmBsQIiOfqAMQjQzXVYGMqG-IXFPPO2CDzG05HCTuM2wYQmhQqtKD-rP9Bh8UVG2Pt0dZxBe3Dx_SFcwvLy6pHsQXU9z5Ajv5mCcPvI-wgq0ExhWoiGKz8SrLTB1CQwtCOvVfQnbWexyURSASHupp84dJB67ZBigi9IcA7UEj8yHZKAg4n_uE3bFLjQsNtyGNj6TJefF8uH2pEd74NRuH5kelvycGjJQkmwwXVggqqvLYlaYbgpHv7g8qMVGjI4yfARsiPE0Z1uwZQZGyj0c6dl1oxYRDwwSFAmANI_E0n0JrUJrEYrfjZXX4tKs0TVazAs2L7LqOfY9OzDKa_y81529IuDzsfgsepN3CSRp6V1yB9NFmv235flv0a9-ONPE-ktwvsSo7fSvalF9DUBmayg5ej2NYYCcPFbEBH15V9y2EByHMo0DNELnSyeHZ8BhSpzudLyNDQEQK3lgvy029bAWWtryZWXnMo8Zir_-PSrgq5Y4tX6H3G3GZHXJ-bUbk
54,Lievegoed,Begeleider (M/V/X),Amsterdam,"<span class=""css-2lqh28 e1cjmv6j1"">4<i class=""css-0 e1cjmv6j0""></i></span>",Oltre 30 g,https://www.glassdoor.it/partner/jobListing.htm?pos=225&ao=1110586&s=58&guid=00000186308d7bd488dcaea44c8625bd&src=GD_JOB_AD&t=SR&vt=w&cs=1_b0fa1b6d&cb=1675851824873&jobListingId=1008101568245&cpc=10BD6496059F2A9F&jrtk=3-0-1goo8quvrma6p801-1goo8qv0hi3as800-47493c9b71e80448--6NYlbfkN0Bi8muiZdRqqSF_Bb5CZvIO7KKrdNO7dealNSqbtSFMop_MPtPcXKeZdGrh8lVqZnCJ-hM5veW3tzmfc01ohJKndldyzPhZjgQ5e9r1vvV5B4OUCII8n24MwDgqPLcr5uSJ_vGvqdM5ka1BR7uCZ3sG4kxV99goOAUnZr1x2m0ta1ZGFQ0PjOCIPNGhs5lzNb-VdjsUTz8WLqIJiv2ptwBHF7fh7ULywlH1jV_3Be5jUDDVghUkGfCjYSZbHgMue8CDjN-bMfYgkaV1-c6lLSSCK_NbEkyrg5s3blZYgCEU2q8GI8N7zbj7mgmT1a6zqdAVp87vuo3oF7IplAog2gGdiOCjsGqNVcj6JiqNGL-xqCkGwOiSoy1ihXBX68dtbOlGh_1h0AqKbkFG-eoVqGcYkska8UHpWEntJXWPQ40HhYAWFIg5IPWv0vHM9i9j_G2LwOHBCCXrXPeyW74OYCof31Lg8JSpVbj1g8dXUw4heIw0Gdw8lzOai2EuRw2sabnFXrF8muNN2oXWcp5IJvZlFBm5gDWcIt7pBPi_II5k4CIKfkyjukZmi-aSiGlfIrXoZctcAkg2mnDHRFPiA3d9I5DmTiIvJOtFTTph7OjpgPq3OICm484WUpTYpTX_dgMVZLhK99H0Iz6kfncF4hH4CTrqvGyOIZxXk-wBQ4hq-8limoeFZQg-xSvn90drBgvWHvnm5qpe_xRV22cOmQ_O
55,MonkeyTown,,Diemen,,Oltre 30 g,https://www.glassdoor.it/partner/jobListing.htm?pos=226&ao=1110586&s=58&guid=00000186308d7bd488dcaea44c8625bd&src=GD_JOB_AD&t=SR&vt=w&cs=1_919776af&cb=1675851824873&jobListingId=1008310901385&cpc=2B30C664E96001FC&jrtk=3-0-1goo8quvrma6p801-1goo8qv0hi3as800-03ad1531bce48d96--6NYlbfkN0CXUao1lSa3PbI1i6QgpbT-0hcQwcTXIVLSi39JuWrEnFLLMuewOQ1u9axscGPExyQ6D3s-gEyXfPz7XM-OTq0mpT9xLXhr5qblq1DWOD8FvkQ3--ujyZb0UN46XgJQCEN0LCOp2aIL3aiXj4ldo1Nl9Gx7Tt81xKkVLBC02Y6xgNfd4PXaM1Rey4UFQ7Fw4dbsWXNij6kU8VWFdbHQzKdcGUsqfud2uvDtzffjHKlwZF3-tkGVjJlnQzGvOaaWkna0x1oHivjkvzm0jTeyjKQEB6Rb3axvNiuFxqTst8FhC65pmijFkuqVgPAtpt-lOP17P14Zrd9zhoIW8zrKDJR02V4-5GW3lFspjE7O1XWfH4BZuinPE4m1G_cpx18R4qs1cX_LaK-gZX0065EG-cdvKnyfwpVZjwXH_KXg3vJG4G9MgyO1O_mfMxxM9VjRK688PmUFLxGYo5JqvV98yxEjSbmXUFf6iQgeo3A5OUcK569L7Ctouc3TCI6XpU_-rAfm6ANwt83_zcfFYg_n1L4w-N1N5_125O_bFSofcp0-g4aDv6jYz5gg73bjZ7QDHJxLhdOVZA8xPA%3D%3D
56,BijlesAcademie,Tuinman (M/V/X),Amsterdam,"<span class=""css-2lqh28 e1cjmv6j1"">5<i class=""css-0 e1cjmv6j0""></i></span>",Oltre 30 g,https://www.glassdoor.it/partner/jobListing.htm?pos=227&ao=1110586&s=58&guid=00000186308d7bd488dcaea44c8625bd&src=GD_JOB_AD&t=SR&vt=w&ea=1&cs=1_6e531299&cb=1675851824873&jobListingId=1006547070058&cpc=60C6108625952AF3&jrtk=3-0-1goo8quvrma6p801-1goo8qv0hi3as800-67a0810cb0ef5bc8--6NYlbfkN0AxxvHU4M1jPE60pKLzdftnDrG5EiaUfZtYYOYXJzQvE3AX7uHX87SBDt-CpKcBeEHjCJBM_PQnXrTeW7c5EOzkeLxXlN8Oml-O-26ohrJEtZkUzxCNPuprJwH1BYZpwDWZgKPg4N0oyZ34BoAj5cAEr4FilAwZnYIGY8rkEfILeL64U7zYv5JW2H0Eq3MjBrTIBkRW-7oPw9EKo7zhpCoHAlrwe_Wb2TUUPqmXf3CzfmLLJ0wSq6YF45fe7Aul2cIZiAgnDDb7mAR15xmYdsixXJ5Z5pwBYQItVNNS7b9Nu2n_7eQSItVsGbUWBPqwjrUN8w4wXT89v03he3xKsnSeosmpbc9LjOmUMzFa81B8cHgr5wluq08ta9-zD7R8V96o9iOb3y3aN9njg6zrEbxUs1S3mlQ0ubR2DUz1pK8YWNTR90_1ncbIBb7v0VOmt-FMHGHMIhH6jK9DtwwdXyfbL6rB4q1cFxlZftMvgOspfT6TJqNT__i3q8LSJlsoGhylbP5bPjoSi652y9vezm7IJSGxhP-IHr9ogB1DxjTW85l0UL-C1wsCmApBP0byq-hMI9-BIWayLCyXPcdtVarflh_9-iK9-eSl1QEYWW3MipDLwaqcTN6D
57,MEE Amstel en Zaan,,Amsterdam,,Oltre 30 g,https://www.glassdoor.it/partner/jobListing.htm?pos=228&ao=1110586&s=58&guid=00000186308d7bd488dcaea44c8625bd&src=GD_JOB_AD&t=SR&vt=w&ea=1&cs=1_8d116c95&cb=1675851824873&jobListingId=1008265554585&cpc=BCF6C35513A620B2&jrtk=3-0-1goo8quvrma6p801-1goo8qv0hi3as800-b58ccc1a25171f7e--6NYlbfkN0AS8OYJuXRbJD6fkqoUkB3J6yTg1wjG5NseK_toSKXRl2RVpBFrJSZkwFn1WNSdlEiHuA97WCbUtIZMAo1tdFnQ79SMO2SAmfGbnjldOd31y3mHzxme4i3SBjGAdjMdL0fNoEx4gLP_-idx3guNbkdkrU2SUZLCNKxvXq5km4xq_X5jpw_VXOSHKbHGZQpWtja4CFQdBKihay9SPoQ5k0Zj9txiUCNsHi3FB01fORiAKIDxBcIL0_Gn5KNkCGMWQMGj6jz2hha27pwxsPMUHd36iu5_EdV-WJN1pNdKJC4uDnkzWcgX6ub1ksXtCjqm-B4txGN1vxNk4vJUr22e7VvWVcfpi6HsRYkgSfFKcop3YOJcJ5bg-FuEs0Ivu8CCVsZT7sAgnM183VkoBg5_g7D4KWU3nddii0NHRS1ewQJ3UcSSb7cqFa8vHG41TUm5AqRtXYCRF8zs_qgt2LhEOKLvxySoHUlHCnm53r7xociGjgiIt61IaAilaKIJL_ylR9dqY3aOLJ9kRAAhpdIalL_-S81MgvYBx8SwPFsmNrk8N_iz18uEOvxOR3BefmW7w2UbSWqQB26rznU659btCq8GhAxtH26PAI_fmuixLwfbHrWBhWU9TPfEK2MY4jQyYQsegarjbN5F5UCJpVpGdCmcQYQGbCIlB94vzTneNQwBMfegKwl7GMLnLHFv-4RYzno%3D
58,Teleperformance Portugal,Klantenservicemedewerker (M/V/X),Paesi Bassi,"<span class=""css-2lqh28 e1cjmv6j1"">4.2<i class=""css-0 e1cjmv6j0""></i></span>",Oltre 30 g,https://www.glassdoor.it/partner/jobListing.htm?pos=229&ao=1110586&s=58&guid=00000186308d7bd488dcaea44c8625bd&src=GD_JOB_AD&t=SR&vt=w&cs=1_d43a9eeb&cb=1675851824873&jobListingId=1007959230097&cpc=8414CF9EDE88F0DA&jrtk=3-0-1goo8quvrma6p801-1goo8qv0hi3as800-e6b50b6bafbe3a2e--6NYlbfkN0BIloVY4a9eQcHyvt2EJYNOK-6tHDrRZIsySoS87fBDx4kAunWy01p8ewaQVff9eGLVwgOsr8E2n6s5G4j3yofwaJmFXPXZC46I1e9kwUv5hRdUMmBFx-3Mz7d8KlVXJ1ywZZfrGRwfvPaVL0kAaWGRIrM1Powgbw9d1NVN25Hx1aLhs9usqyyzA8qd7xfZBfYy6KjIrgO4RKHn82WIt-W6Wfy96j-cRBoggNGoJJ0ctDW0QRLACMONGhWX7Q5jC_FnrXzrt-MPZn_QIhLTxDg98b2dVTl9CxXuVMvTPx2tMi8-PG74vBi1mYEXTxOsgm7qBWxiRm-kcOQm5DCq4RssAtF3iyejv0FQ03K8YE2Emft7OhihYL9s0R7Cl_9rHdNMdLHELg-oiWjxDYgWyElsRc-vUc6VUsurRRo2kBVQmEow3AtEyRXTypE65DUXL-j1FFtmkq4xlc9YpUo_IshkWfy4HBvr8AYEL7Eyf_wGLWSjewnrIiOB_QiVfZkj2K5m6XtsU3CaVu_rCUtHMg_FHVug82CT6yCZHpuM0ut0ZbgKLkIeKbLqUOeFtAbWmqPJ6F6BH67qlj5P4EvMWnU5c67EKAOLdipWDhJkPo2NNxOdyfCS-bTL0eMxivffUkZC5RckorSwvTOQwinRUInw8hUSs6Bcu5ZdDcUyimiWduvkSpmE3el7C-E4mFx7Mvoof-GabSrfCSQ0tE8hhHFEOptZxwsMXB0%3D
59,Blue Phoenix Group B.V.,Coördinator (M/V/X),Assendelft,"<span class=""css-2lqh28 e1cjmv6j1"">4<i class=""css-0 e1cjmv6j0""></i></span>",1 giorno fa,https://www.glassdoor.it/partner/jobListing.htm?pos=230&ao=1110586&s=58&guid=00000186308d7bd488dcaea44c8625bd&src=GD_JOB_AD&t=SR&vt=w&ea=1&cs=1_0af3b346&cb=1675851824873&jobListingId=1008454537463&cpc=13B2A17BC67BBEB6&jrtk=3-0-1goo8quvrma6p801-1goo8qv0hi3as800-f0bf6452a7777c30--6NYlbfkN0Dz20VosXBsskNkZimLwbEv1kNdINJpWa1YYmHuOKJWWafabxW7iH8amR-F5azvRWwrVv3z6r2QeUD5tKHfBM8K9VPm9bGq_6ytm30GpBfJ4trMZKeg9v9w6ht_jZ9XKiTGMyspag7RiEVV8Vw5ZxSZ126W1ZtBVCsddHDFeEMMWo3xEIhZtcYYBmI6IZxwR1HbEHXiinA_FSXRG0DeHQDWx5rrtX1DdC6gt1bcX6jlLUAcA-wPHyquVj1xCcwsYWweJZDCgQ2xoIZ17cOtjU1dRxvZB2YPPr2vDIsXjyKUrF4agxUVfJqgxHDPe7EFVP-XZBxJUXnsqQUuIVG3Sd2nbai9Kupx5DhQPtg9ACgL-0XVCsixAR8o-Z8Ua_F42vezZkrzt_Pkv-rHsZb507ucK5KSHUVrNXx9eGQ1M1hlwU9r-mbhcNE85UNmxjAwWdc3Efu7OIBE5LCSlUSmNvfX92Sl_dYbYaER95W64QBuJy03x5ds5bdETswBca1DRjrUGojOG0rb3OM4fzmo5KJntjL7NfU9uSPpMhx54av6GzKdUJ9oji_Uc3FkdSCgWGWD5YrOXxMsMQ%3D%3D
